id,created_at,text,hashtags,retweets
1270339953105518592,2020-06-09 13:00:21,"RT @FrDesouche: Les Vend√©ens vont demander que soit d√©baptis√© tout ce qui porte le nom de Hoche, les Protestants vont s'attaquer √† Fran√ßois‚Ä¶",[],91
1270246929314861056,2020-06-09 06:50:42,Concurrence victimaire des m√©moires : des africains reprochent la conqu√™te arabo-musulmane du Maghreb. Plusieurs vi‚Ä¶ https://t.co/16sJNNr3qI,[],670
1270121947226165249,2020-06-08 22:34:04,Je ne comprends pas comment les policiers font pour ne pas imm√©diatement se mettre en gr√®ve.,[],940
1270119653117919239,2020-06-08 22:24:57,"RT @fxbellamy: Signal clair : alors qu'une proc√©dure judiciaire est en cours, violer l'interdiction de manifester, en √©tat d'urgence sanita‚Ä¶",[],2582
1270102410233610241,2020-06-08 21:16:26,Voil√† qui va encore donner raison √† ceux qui pensent que les Traor√© seraient plus heureux au Mali qu‚Äôici üòî https://t.co/vmvMPPASaW,[],433
1270099950505021441,2020-06-08 21:06:40,Ils ont arr√™t√© le tueur du capitaine Dorn √† Saint Louis. Mais mon instinct me dit qu‚Äôil n‚Äôy aura pas d‚Äô√©meutes‚Ä¶ https://t.co/GA5SXeBnja,[],602
1270051805297328128,2020-06-08 17:55:21,J‚Äôai des soup√ßons av√©r√©s sur l‚Äôincomp√©tence de @CCastaner.,[],659
1270042795215065090,2020-06-08 17:19:33,J‚Äôesp√®re que ce touriste blanc agress√© pour sa montre √† #Barcelone n‚Äôa pas bless√© ses agresseurs racis√©s ! üò•üò•üò•https://t.co/rCYh5ByzUo,"[{'text': 'Barcelone', 'indices': [56, 66]}]",753
1270040838647791617,2020-06-08 17:11:46,"RT @FrDesouche: Qd il y a des contr√¥les au faci√®s en IDF, ils visent non pas les Noirs et Arabes mais les HOMMMES, JEUNES Noirs et Arabes‚Ä¶",[],141
1270040798604689409,2020-06-08 17:11:37,"RT @FrDesouche: Quand il y a des contr√¥les au faci√®s apr√®s des matchs de ligue 1, ils visent des mecs aux cheveux courts portant telle ou t‚Ä¶",[],55
1270040778761519104,2020-06-08 17:11:32,"RT @FrDesouche: Quand je suis √† la campagne, les contr√¥les au faci√®s visent les mecs au volant au teint rougeaud et les jeunes avec des t√™t‚Ä¶",[],147
1270036091266105344,2020-06-08 16:52:54,Il y a encore plein de kouffars en France üòî https://t.co/0zPvOS2RXJ,[],218
1270012825310724096,2020-06-08 15:20:27,Les #BlacksLivesMatter gagneraient √† s‚Äôint√©resser √† l‚ÄôHistoire... https://t.co/VPeklcg589,"[{'text': 'BlacksLivesMatter', 'indices': [4, 22]}]",245
1269890325637709824,2020-06-08 07:13:41,"RT @Tancrede_Crptrs: ""Le silence des sportifs blancs"" g√™ne Yannick Noah.Ce qui est g√™nant, c'est que Yannick Noah choisisse ses indignati‚Ä¶",[],853
1269755394353696769,2020-06-07 22:17:31,Ne diffusez surtout pas cette liste qui donne raison aux  #StopAuxTraore üòî https://t.co/e6INNiMvsY,"[{'text': 'StopAuxTraore', 'indices': [58, 72]}]",3215
1269750886529671169,2020-06-07 21:59:36,@Juju_blondine @LMindAF Fais des dons √† des associations patriotiques... tu pourras d√©duire.,[],4
1269750528558448648,2020-06-07 21:58:11,RT @RealCandaceO: Do you think Democrat voters are smart enough to realize that a bunch of wealthy people with armed private security are t‚Ä¶,[],23111
1269749963061370883,2020-06-07 21:55:56,Un officier de police refuse de s‚Äôagenouiller face aux #BlackLivesMatter  https://t.co/XSGF5HpKlz,"[{'text': 'BlackLivesMatter', 'indices': [55, 72]}]",279
1269748716677795841,2020-06-07 21:50:59,¬´¬†Ou √©tiez-vous quand des gangs pakistanais ont viol√© des milliers de petites britanniques ?¬†¬ª #BlackLivesMatter https://t.co/CdZ3A6CjB8,"[{'text': 'BlackLivesMatter', 'indices': [95, 112]}]",603
1269742505765089281,2020-06-07 21:26:18,√Ä #Lyon la police se fait humilier par les #BlackLivesMatters üòî https://t.co/3s4gJ5ETpm,"[{'text': 'Lyon', 'indices': [2, 7]}, {'text': 'BlackLivesMatters', 'indices': [43, 61]}]",654
1269741294559080450,2020-06-07 21:21:29,#StopAuxTraore https://t.co/uXbx5v9EMr,"[{'text': 'StopAuxTraore', 'indices': [0, 14]}]",631
1269731329475821569,2020-06-07 20:41:54,Racis√©s fuyant la France raciste en bateau : https://t.co/SFRgNskjuE,[],264
1269726328045162504,2020-06-07 20:22:01,"En France 96,3% des d√©tenus sont des hommes. La police serait-elle sexiste ?Non, c‚Äôest juste que les hommes sont p‚Ä¶ https://t.co/WPsaSBzcah",[],521
1269721765556768768,2020-06-07 20:03:53,RT @J_Bardella: ¬´ J'aimerais que @CCastaner se d√©confine et aille ramener l'ORDRE dans ces manifestations. Tous les fr√®res Traor√© sont mis‚Ä¶,[],892
1269714211048951814,2020-06-07 19:33:52,#Bruxelles pill√©e par les #BlackLivesMatters. https://t.co/odO0glP77I,"[{'text': 'Bruxelles', 'indices': [0, 10]}, {'text': 'BlackLivesMatters', 'indices': [26, 44]}]",775
1269706639369818113,2020-06-07 19:03:47,"RT @SauverlEurope: La Su√®de, pays qui n‚Äôa jamais colonis√© ni r√©duit en esclavage aucun Africain, mais qui en g√©n√©reusement accueilli des ce‚Ä¶",[],1303
1269697865632436227,2020-06-07 18:28:55,Pillage d‚Äôune bijouterie par les #BlackLivesMatter √† #Bruxelles. https://t.co/tfsGMbfuhI,"[{'text': 'BlackLivesMatter', 'indices': [33, 50]}, {'text': 'Bruxelles', 'indices': [53, 63]}]",496
1269687941309358082,2020-06-07 17:49:29,"Tessa Major, 18 ans, tu√©e au couteau par une bande d‚Äôados noirs en d√©cembre dernier √† NYC. Pas d‚Äô√©meutes, pas de m‚Ä¶ https://t.co/otiQ1cXtmG",[],999
1269681611777478659,2020-06-07 17:24:20,"@GillesDeKhey @Anti_Nazi_1 On va interdire les photos et les vid√©os de toutes les guerres, le 11 sept aussi. Pour l‚Ä¶ https://t.co/8pebRAbKOD",[],0
1269680873793900545,2020-06-07 17:21:24,@chdemeyer Tu voulais essayer Clinton en Syrie ?,[],0
1269672728212262914,2020-06-07 16:49:02,"RT @realDonaldTrump: Colin Powell, a real stiff who was very responsible for getting us into the disastrous Middle East Wars, just announce‚Ä¶",[],58476
1269672417527508992,2020-06-07 16:47:48,RT @barnb66: 96% des personnes tu√©es par la police sont des hommes.Une surrepr√©sentation inexplicable puisque les hommes repr√©sentent 50%‚Ä¶,[],379
1269670161243668481,2020-06-07 16:38:50,RT @StopRacailles: @FrDesouche √áa doit √™tre p√©nible pour un noir d‚Äô√™tre continuellement ramen√© √† un statut d‚Äôesclave ou de colonis√©.Les an‚Ä¶,[],52
1269669994998181889,2020-06-07 16:38:10,"RT @Zianides_: Nous appelons √† la destruction du Maghreb en tant qu'entit√© physique et morale... le Maroc est noir, la Tunisie est noire...‚Ä¶",[],2160
1269633714344136713,2020-06-07 14:14:00,RT @gabirobfrance: Le lavage des pieds maintenant. https://t.co/eoZc6mQPUN,[],672
1269602159282343936,2020-06-07 12:08:37,RT @NemesisNemesi18: üëó Hier c‚Äô√©tait la journ√©e mondiale de la mini-jupe. üëß Les endroits o√π l‚Äôon peut porter ce v√™tement se r√©duisent de j‚Ä¶,[],701
1269571145734422536,2020-06-07 10:05:23,@RandomPp3 Tu es au courant que c‚Äôest fake #goBaldForBLM ? üòÇ,"[{'text': 'goBaldForBLM', 'indices': [43, 56]}]",0
1269550797609631745,2020-06-07 08:44:31,Un policier courageux refuse de pr√™ter all√©geance aux #BlackLivesMatter : https://t.co/KnvkVbYRaE,"[{'text': 'BlackLivesMatter', 'indices': [54, 71]}]",1566
1269548630966403072,2020-06-07 08:35:55,RT @stillgray: Mayor Frey says he doesn't want to abolish the police so the crowd runs him out. https://t.co/CcUAohPdn1,[],1006
1269548484513927168,2020-06-07 08:35:20,"RT @torsorosso: Ce jeune homme aux abois, humili√© publiquement par des extr√©mistes anti-police #BlackLivesMatter est maire de Mineapolis.‚Ä¶","[{'text': 'BlackLivesMatter', 'indices': [95, 112]}]",70
1269402673658368001,2020-06-06 22:55:56,RT @BretagnePoint: Photos anciennes de paysans bretons. Vous pensez s√©rieusement que ces gens avaient un quelconque privil√®ge ? C'est gen‚Ä¶,[],573
1269389569545383936,2020-06-06 22:03:52,RT @BretagnePoint: Does Black Lives Matter exist in Africa ? https://t.co/T7gogJijPB,[],1124
1269371164922609664,2020-06-06 20:50:44,Qui se souvient de Jean-Jacques Le Chanadec tu√© par Salaheddinne Alloul (condamn√© √† 5 ans de prison...) lors des √©m‚Ä¶ https://t.co/zCQIvKnTJu,[],490
1269360339172327424,2020-06-06 20:07:43,Le vrai privil√®ge dans ce pays c‚Äôest de pouvoir commettre des crimes et d√©lits tout en b√©n√©ficiant du laxisme de la‚Ä¶ https://t.co/Bw8h70nf0c,[],1722
1269321077039206400,2020-06-06 17:31:42,‚ÄúEt si je quittais tout pour vivre chez mon oppresseur ?‚Äù,[],361
1269305278404497409,2020-06-06 16:28:55,"Qui se souvient de Jean-Baptiste Salvaing, 42 ans et Jessica Schneider, 36 ans, assassin√©s au couteau par Larossi A‚Ä¶ https://t.co/G8xoaSjLbj",[],1025
1269297604543819776,2020-06-06 15:58:25,RT @torsorosso: Pas un seul Noir dans l‚Äô√©quipe de #Quotidien @Qofficiel !! üëéüèæüëéüèæüëéüèæEst-ce que par solidarit√© avec le mouvement #BlackLivesMa‚Ä¶,"[{'text': 'Quotidien', 'indices': [50, 60]}]",222
1269293166508810240,2020-06-06 15:40:47,Qui s‚Äôindigne que l‚Äôon contr√¥le plus les hommes que les femmes ? Personne car ils sont plus criminog√®nes. Qui s‚Äô‚Ä¶ https://t.co/je8D9zU5Ap,[],487
1269286998319288326,2020-06-06 15:16:17,Les 2 secrets pour √©viter tous les probl√®mes lors d‚Äôune interpellation : 1Ô∏è‚É£ Ne fuis pas2Ô∏è‚É£ Ne r√©siste pasDe rien.,[],693
1269284544890404871,2020-06-06 15:06:32,"RT @TamaraKova: Il fallait aller plus loin! Le client devrait indiquer sa couleur de peau, s‚Äôil s‚Äôav√®re qu‚Äôil est blanc, il serait dans l‚Äôo‚Ä¶",[],40
1269284398861619200,2020-06-06 15:05:57,"RT @FrDesouche: Certains migrants exploit√©s par #UberEats gagnent √† peine 4 euros de l'heure...Et apr√®s, non seulement la plateforme se la‚Ä¶","[{'text': 'UberEats', 'indices': [48, 57]}]",413
1269284164509057024,2020-06-06 15:05:01,"RT @FrDesouche: Il existe en mati√®re d'√©cologie le greenwashing, des entreprises polluantes s‚Äôach√®tent une image √©colo...On assiste ces de‚Ä¶",[],77
1269283884883152898,2020-06-06 15:03:54,@david_sillet @jmaphatie A quoi faites vous r√©f√©rence par cette expression ?,[],0
1269276535783030790,2020-06-06 14:34:42,Les blancs am√©ricains sont tellement culpabilis√©s et oubli√©s qu‚Äôils ont un taux de suicide 3x sup√©rieur aux autres.‚Ä¶ https://t.co/8pY0nW1srI,[],104
1269259549971812352,2020-06-06 13:27:13,@garde_lapeche97 Si notre patrimoine g√©n√©tique t‚Äôattire c‚Äôest un peu raciste.,[],0
1269258800365801475,2020-06-06 13:24:14,@david_sillet @jmaphatie Ces propos handiphobes sont naus√©abonds.,[],0
1269252642062172160,2020-06-06 12:59:46,@BeNiHacH @Guts_Berserker_ Non √ßa s‚Äôinscrit dans le m√™me courant id√©ologique que BLM. C‚Äôest totalement li√©.,[],0
1269251531251093505,2020-06-06 12:55:21,@Guts_Berserker_ C‚Äôest toi qui propage une fake news. La photo n‚Äôa pas √©t√© prise au Venezuela mais au USA.,[],0
1269251344008990720,2020-06-06 12:54:36,@IcarusFell17 Et ? BLM existe pas depuis 3 semaines hein.,[],0
1269246238605672449,2020-06-06 12:34:19,Apartheid : @UberEats annonce que les frais de livraison sont gratuits si on commande chez un restaurateur noir. C‚Ä¶ https://t.co/UFPZGsR7fr,[],405
1269238086447349761,2020-06-06 12:01:55,@bernardsala @MLP_officiel @JLMelenchon ?,[],0
1269237024055230466,2020-06-06 11:57:42,La famille d‚Äô#AdamaTraore qui se victimise c‚Äôest comme si les Corleone se plaignaient de racisme anti-siciliens.,"[{'text': 'AdamaTraore', 'indices': [13, 25]}]",479
1269224610685485056,2020-06-06 11:08:22,"Selon vous, vers quoi les tensions ethniques/police aux USA vont d√©boucher ?",[],34
1269219371936894979,2020-06-06 10:47:33,Le genre de video que les #BlackLivesMatter et #JusticePourAdama veulent cacher. https://t.co/pXBKpIaxb7,"[{'text': 'BlackLivesMatter', 'indices': [26, 43]}, {'text': 'JusticePourAdama', 'indices': [47, 64]}]",937
1269215329462476800,2020-06-06 10:31:30,L‚Äôexcellent @Guillaume_Bigot. https://t.co/qqANWaJwkT,[],474
1269212068923801602,2020-06-06 10:18:32,@HermineDuNet Faux intellos c√©l√®bres : https://t.co/9LrHNXqdaC,[],1
1269210251733209089,2020-06-06 10:11:19,@Faycedeloup @jmaphatie Je pense que le sens de ce meme t‚Äô√©chappe.,[],0
1269209512189267968,2020-06-06 10:08:23,RT @DamienRieu: @jmaphatie Je suis Gaulliste Peyrefittien. https://t.co/R2O4M6JNY2,[],22
1269208709378473991,2020-06-06 10:05:11,@jmaphatie Je suis Gaulliste Peyrefittien. https://t.co/R2O4M6JNY2,[],22
1269206847237558273,2020-06-06 09:57:47,@jmaphatie @le_Parisien @MLP_officiel @EmmanuelMacron Vous √™tes tr√®s malaisant quand vous jouez le Jean Moulin du s‚Ä¶ https://t.co/KZYgE7DYBZ,[],17
1269205003350261760,2020-06-06 09:50:28,RT @JeanMessiha: Les minorit√©s victimis√©es passent leur temps √† piauler qu‚Äôen France :- la police est raciste- la justice est raciste- l‚Ä¶,[],1999
1269183851168964608,2020-06-06 08:26:25,RT @dobsky33: On envoie nos militaires se faire tuer au Mali et en √©change on accueille 400000 maliens dont la famille Traor√©...Je me dema‚Ä¶,[],933
1269181710819827713,2020-06-06 08:17:54,Encore un opposant au #BlackLivesMatter lynch√©. Cette haine et cette violence discr√©ditent leur mouvement. https://t.co/WN5L3owCt6,"[{'text': 'BlackLivesMatter', 'indices': [22, 39]}]",586
1269179133252206593,2020-06-06 08:07:40,Ce commer√ßant chasse des manifestants avec une tron√ßonneuse... les USA ressemblent √† un GTA r√©el üò• https://t.co/k24h4bEu9n,[],320
1269172772665733125,2020-06-06 07:42:23,"RT @DeltaMike59: Le 06 juin 2017, je me trouvais sur le Paris Notre-Dame √† Paris, quand un assaillant d√©cidait de s‚Äôen prendre √† notre √©qui‚Ä¶",[],1248
1269170766693773313,2020-06-06 07:34:25,RT @Valeurs: üî¥[Thread]üî¥On vous explique pourquoi le combat men√© autour d‚Äô#AdamaTraor√© est une imposture bas√©e sur 4‚É£ quatre mensonges ‚§µÔ∏è,"[{'text': 'AdamaTraor√©', 'indices': [73, 85]}]",2568
1269167718785220608,2020-06-06 07:22:18,RT @JulienOdoul: Le culte de la d√©testation de soi-m√™me jusqu‚Äôau ridicule. √Ä quand 30 minutes √† plat ventre en hommage aux milliers d‚Äôindie‚Ä¶,[],659
1269062302600433664,2020-06-06 00:23:25,RT @FrDesouche: Un policier noir attaqu√© par une foule d'antifas blancs#BlackLivesMatterhttps://t.co/vpSXSd5Q8v,"[{'text': 'BlackLivesMatter', 'indices': [72, 89]}]",1131
1269062144701747201,2020-06-06 00:22:47,@nicolascori Malaise.,[],0
1269046843398332419,2020-06-05 23:21:59,RT @GeWoessner: @Nicolas_Dufort @AFPusa @lauhaim Ils sont surtout faux ! L'extrait non-tronqu√© est ici : Trump ne parle pas du tout du ch√¥m‚Ä¶,[],72
1269042889713164289,2020-06-05 23:06:17,"RT @watching_giants: Bonjour @LaBanquePostale, nous voyons que vous c√©dez aux injonctions politiques d'un groupe de pression d'extr√™me gauc‚Ä¶",[],596
1269037309816705024,2020-06-05 22:44:06,"RT @GeWoessner: Incroyable... Comment l'@AFPusa a-t-elle pu laisser passer une #fakenews pareille ? En r√©alit√©, Trump a prononc√© cette phra‚Ä¶","[{'text': 'fakenews', 'indices': [79, 88]}]",459
1269023005398745089,2020-06-05 21:47:16,Comment Trump g√®re la situation aux USA ?,[],109
1269020560522121222,2020-06-05 21:37:33,RT @BrndBenjamin: Sondage Rasmussen : les Noirs Am√©ricains non-abstentionnistes approuvent √† 40% l'action de Trump. C'est √©norme.,[],106
1269012160954404864,2020-06-05 21:04:10,"√Ä force d‚Äôhumilier, les #BlackLivesMatter vont alimenter la haine et la col√®re... üòî https://t.co/AxZhF4I3xZ","[{'text': 'BlackLivesMatter', 'indices': [24, 41]}]",584
1269007895385067525,2020-06-05 20:47:13,RT @CorbacR: Ptdr un mec a propos√© sur 4chan de mettre #gobaldforBLM en TT pour troller les femmes blanches et les pousser √† se raser la t√™‚Ä¶,"[{'text': 'gobaldforBLM', 'indices': [55, 68]}]",1343
1269006107651047426,2020-06-05 20:40:07,On dirait des sc√®nes de fin du monde. üò• https://t.co/qpTyBB2EiV,[],827
1269005104381861889,2020-06-05 20:36:08,RT @HommesInfluence: En tant que Guyanais je descends DIRECTEMENT de l'#esclavage (contrairement √† 95%+ des auteurs de tweets sur le sujet)‚Ä¶,"[{'text': 'esclavage', 'indices': [71, 81]}]",1494
1268963734921371648,2020-06-05 17:51:45,#Whiteprivilege https://t.co/9E5b8vYc4D,"[{'text': 'Whiteprivilege', 'indices': [0, 15]}]",344
1268961744833126402,2020-06-05 17:43:50,Daesh approuve ce message. https://t.co/Jwo7g35htL,[],419
1268956979235561472,2020-06-05 17:24:54,"RT @RealCandaceO: The 3 black teenagers who robbed and killed the white college student, Tessa Majors, have all been arrested &amp; pled guilty‚Ä¶",[],27046
1268941842030170115,2020-06-05 16:24:45,"üî¥ NON √† #CameliaJordana √† la f√™te de la musique ! Quand on appelle √† la haine contre nos policiers, on ne peut pas‚Ä¶ https://t.co/6lJ1y95RLf","[{'text': 'CameliaJordana', 'indices': [8, 23]}]",546
1268940211658076160,2020-06-05 16:18:16,"Etats-Unis : trois policiers attaqu√©s au couteau dont l‚Äôun poignard√© √† la gorge, par un ¬´¬†musulman pratiquant¬†¬ª‚Ä¶ https://t.co/bAloV7iDEW",[],306
1268939758044053504,2020-06-05 16:16:28,"RT @FrDesouche: √áa fait des d√©cennies que le flic noir est consid√©r√© comme un ""tra√Ætre"".   Ce morceau date de 1991 : ""J'd√©fonce les fesses‚Ä¶",[],46
1268928697681272833,2020-06-05 15:32:31,RT @RNational_off: üí• #Cam√©liaJordana appelle √† ¬´¬†prendre les armes¬†¬ª contre les #policiers: elle doit √™tre D√âPROGRAMM√âE de la F√™te de la mu‚Ä¶,"[{'text': 'Cam√©liaJordana', 'indices': [21, 36]}, {'text': 'policiers', 'indices': [80, 90]}]",1093
1268924363971182592,2020-06-05 15:15:18,@EricNaulleau 1. Un assassinat c‚Äôest pr√©m√©dit√© 2. Les statistiques ne valident pas l‚Äôexistence d‚Äôune police racist‚Ä¶ https://t.co/G9BkHzeFIB,[],1
1268799393274179584,2020-06-05 06:58:43,RT @PhOlivierRN: L‚ÄôUE va utiliser 22 milliards d‚Äôeuros du plan de relance #Covid19 pour l‚Äô‚ÄùAsile et les migrations‚Äù. Tout est pr√©texte pour‚Ä¶,"[{'text': 'Covid19', 'indices': [74, 82]}]",355
1268797572988239873,2020-06-05 06:51:29,"RT @MrAndyNgo: .@Project_Veritas did the near-impossible: They successfully infiltrated America's most notorious antifa group, @RoseCityAnt‚Ä¶",[],17177
1268794707179712512,2020-06-05 06:40:05,√âtats-Unis: un Noir n'est pas davantage en danger face √† un policier blanc https://t.co/3mKCZ1QAA1 via @LObs,[],163
1268670027269640198,2020-06-04 22:24:39,#Biden should follow throught on his commitment and leave his seat to a black candidate.,"[{'text': 'Biden', 'indices': [0, 6]}]",33
1268669035954294786,2020-06-04 22:20:43,Vous pensez que dans 10 ou 20 ans on va rire de cet √©pisode de d√©lire de victimisation raciste imaginaire ou que ce‚Ä¶ https://t.co/b0fLvZ4YJK,[],237
1268668470364966914,2020-06-04 22:18:28,La v√©rit√© est inacceptable. https://t.co/WxDYFHsdQd,[],30
1268668107490496512,2020-06-04 22:17:02,@FredericSays @nicolascori Attention Fr√©d√©ric... votre r√©daction va vous demander de supprimer...,[],2
1268667888757587969,2020-06-04 22:16:10,@koztoujours @Lesjoursfr Tout √† fait du m√™me avis que @koztoujours üòÖ,[],0
1268667488096653313,2020-06-04 22:14:34,Un journaliste du site ¬´¬†@Lesjoursfr¬†¬ª contraint par sa r√©daction de supprimer des tweets dans lesquels il rappelai‚Ä¶ https://t.co/jHeHToeweF,[],121
1268658289228877827,2020-06-04 21:38:01,RT @i_love_juju: Sinon un des potes gay et noir de mon mec s‚Äôest fait tabasser en marge de la manif pour Adama par des manifestants qui che‚Ä¶,[],571
1268657945673416708,2020-06-04 21:36:39,‚ÄúEn tant qu‚Äôafro-americain j‚Äôai 2000 fois plus de chances de me faire tuer par un autre Afro-am√©ricain que par un b‚Ä¶ https://t.co/PFH95YgQJO,[],2167
1268649677437763594,2020-06-04 21:03:48,C‚Äôest bon c‚Äôest assez l√† ? #GeorgeFlyod https://t.co/AYotqOoHdU,"[{'text': 'GeorgeFlyod', 'indices': [27, 39]}]",536
1268608165479952388,2020-06-04 18:18:50,RT @FrDesouche: https://t.co/HakPtZp0yr https://t.co/kWqXLvF5Vz,[],87
1268606579072475136,2020-06-04 18:12:32,@RomainGrau @enmarchefr https://t.co/q3xQgmACVK,[],0
1268605627103936514,2020-06-04 18:08:45,Manifestante : - ‚Äú#BlackLivesmatter !‚ÄùPolicier : - ‚Äú#AllLivesMatter !‚Äù https://t.co/GpSS0OGk5Y,"[{'text': 'BlackLivesmatter', 'indices': [19, 36]}, {'text': 'AllLivesMatter', 'indices': [55, 70]}]",328
1268596591478407168,2020-06-04 17:32:51,Si √ßa continue ils vont faire des ¬´¬†proc√®s ancestraux¬†¬ª : on analysera ADN et arbre g√©n√©alogique de chacun pour d√©t‚Ä¶ https://t.co/sO3sTMHpvs,[],170
1268580691027116032,2020-06-04 16:29:40,"En essayant de nous donner tort, les @decodeurs @lemondefr se tirent une balle dans le pied et reconnaissent que le‚Ä¶ https://t.co/oMmSLYUafA",[],539
1268572938518790149,2020-06-04 15:58:52,Un officier de police blanc tu√© par un √©meutier √† Las Vegas. Vous n‚Äôen entendrez pas parler dans les m√©dias. Pers‚Ä¶ https://t.co/LVhwxZeBAS,[],903
1268503731584319493,2020-06-04 11:23:51,"RT @FrDesouche: Toutes les villas d' @OmarSy √† Los Angeles sont situ√©es dans ce qu'on appelle des ""gated communities"". Des quartiers ferm√©s‚Ä¶",[],1941
1268305586002604034,2020-06-03 22:16:30,"RT @FrDesouche: Une femme noire explique √† une blanche qu'elle n'est pas oppress√©e en tant que #Noire : ""Chaque jour un noir est tu√© par un‚Ä¶","[{'text': 'Noire', 'indices': [95, 101]}]",1379
1268289476398366720,2020-06-03 21:12:29,RT @FrenchLivesM: #FrenchlivesMatter https://t.co/583pZZUJyn,"[{'text': 'FrenchlivesMatter', 'indices': [18, 36]}]",1277
1268288711927701504,2020-06-03 21:09:27,RT @DutertEtet: #FrenchlivesMatter https://t.co/arQdUEZ8Y7,"[{'text': 'FrenchlivesMatter', 'indices': [16, 34]}]",500
1268286214588772358,2020-06-03 20:59:31,#BlackLivesMatter but not on the same level ? https://t.co/SWyH4Zo5xa,"[{'text': 'BlackLivesMatter', 'indices': [0, 17]}]",865
1268282674793320464,2020-06-03 20:45:27,"RT @CentristeModere: Dites @AfpFactuel, je sais que son casier judiciaire ne justifie pas ce qui lui est arriv√©, mais comment vos coll√®gues‚Ä¶",[],75
1268279165461159938,2020-06-03 20:31:31,@pawg__champ @KansasZoomer Its not the official account,[],0
1268277507033305089,2020-06-03 20:24:55,Je suis tr√®s inquiet de la ligne √©ditoriale de @BFMTV @FogielMarcO sur #JusticePourAdama. Ils reprennent absolument‚Ä¶ https://t.co/p2poWIjzOn,"[{'text': 'JusticePourAdama', 'indices': [71, 88]}]",334
1268276736137072642,2020-06-03 20:21:51,@edgarmorinparis La vieillesse est un naufrage disait De Gaule.,[],2
1268276550677430272,2020-06-03 20:21:07,RT @FrDesouche: Quand tu te souviens comment @BFMTV qualifiait les premiers Gilets Jaunes...https://t.co/L8XCBNRDkG,[],102
1268250824590884870,2020-06-03 18:38:54,"RT @pierrebxl: L√©opold II, l‚Äôanti-esclavagiste.. #Thread #FactCheck #BLMBelgium #Bruxelles https://t.co/GCz53LYbqG","[{'text': 'Thread', 'indices': [51, 58]}, {'text': 'FactCheck', 'indices': [59, 69]}, {'text': 'BLMBelgium', 'indices': [70, 81]}, {'text': 'Bruxelles', 'indices': [82, 92]}]",33
1268249858349170689,2020-06-03 18:35:03,RT @francjuge: #WhiteLivesMatter https://t.co/NkGf8g70Zf,"[{'text': 'WhiteLivesMatter', 'indices': [15, 32]}]",95
1268248110620463104,2020-06-03 18:28:07,RT @JulienOdoul: Ces affreuses injustices qui ont pourtant permis √† la pleurnicharde A√Øssa Ma√Øga de percer dans le milieu du cin√©ma et d‚Äô√™t‚Ä¶,[],426
1268242830293688321,2020-06-03 18:07:08,Attaque des #BlackLivesMatter contre la r√©sidence du 1er ministre britannique √† #London en ce moment. https://t.co/2DLzDNt4O4,"[{'text': 'BlackLivesMatter', 'indices': [12, 29]}, {'text': 'London', 'indices': [80, 87]}]",670
1268230177101877248,2020-06-03 17:16:51,C√©r√©monie de repentance de centaines de blancs pour des crimes qu‚Äôils n‚Äôont pas commis. La culpabilit√© imaginaire f‚Ä¶ https://t.co/DoR91Uk7CR,[],396
1268220435444969473,2020-06-03 16:38:08,RT @PhOlivierRN: Ils se plaignent du manque de diversit√© dans la police mais insultent de ¬´¬†vendus ¬ª ceux qui ont fait le choix d‚Äôy servir.‚Ä¶,[],619
1268213202787217408,2020-06-03 16:09:24,Il prot√®ge son magasin des √©meutiers #BlackLivesMatter et se fait lyncher. Qui diffusera cette vid√©o ? Qui s‚Äôindign‚Ä¶ https://t.co/ikBd9O4AYX,"[{'text': 'BlackLivesMatter', 'indices': [37, 54]}]",2413
1268149496099323908,2020-06-03 11:56:15,RT @FrDesouche: Une vid√©o de #GeorgeFloyd d√©non√ßant la violence que subissent les Noirs de la part d'autres Noirs refait surface #BlackLive‚Ä¶,"[{'text': 'GeorgeFloyd', 'indices': [29, 41]}]",569
1268142792942989314,2020-06-03 11:29:37,RT @JLechanteux: Ils auront tout fait !Un ministre se r√©jouit du succ√®s d'une manifestation ill√©gale qui a conduit au saccage d'un quarti‚Ä¶,[],251
1268072318217138176,2020-06-03 06:49:34,"Un ancien policier de Saint Louis abattu cette nuit par les pillards en d√©fendant un magasin. Et pour lui, qui dema‚Ä¶ https://t.co/49jmU53A6M",[],1026
1268071568619581440,2020-06-03 06:46:36,"RT @kdkddkkdd: @FrDesouche Quand il y a des noirs dans la police ce sont des vendus, quand il y en a pas c'est la France qui est raciste et‚Ä¶",[],267
1268070378846511106,2020-06-03 06:41:52,"Si les #BlackLivesMatter #GeorgeFloyd savaient que 15,5% des blancs victimes de meurtres sont tu√©s par des noirs et‚Ä¶ https://t.co/kZVZ7kHPf4","[{'text': 'BlackLivesMatter', 'indices': [7, 24]}, {'text': 'GeorgeFloyd', 'indices': [25, 37]}]",264
1268069140734128130,2020-06-03 06:36:57,"RT @FrenchLivesM: Pens√©es pour #AdrienPerez, tu√© il y a un an par les fr√®res Yanis et Younes El Habib, en sortie de bo√Æte de nuit √† #Grenob‚Ä¶","[{'text': 'AdrienPerez', 'indices': [31, 43]}]",1379
1267926766099877891,2020-06-02 21:11:12,#AllLivesMatter,"[{'text': 'AllLivesMatter', 'indices': [0, 15]}]",197
1267923107404304386,2020-06-02 20:56:40,Attaque du commissariat de #Clichy. #JusticePourAdama https://t.co/7rQLPvnPlV,"[{'text': 'Clichy', 'indices': [27, 34]}, {'text': 'JusticePourAdama', 'indices': [36, 53]}]",924
1267919720264749056,2020-06-02 20:43:12,Il encourage les #BlackLivesMatter. Ils le remercient en lui cassant ses vitres. https://t.co/XKYNZATkHb,"[{'text': 'BlackLivesMatter', 'indices': [17, 34]}]",816
1267917460201787392,2020-06-02 20:34:13,@vdistef Oui si tu veux : https://t.co/H4UZSJ8Rk9 https://t.co/Qsbx9DCp5K,[],0
1267916742535319552,2020-06-02 20:31:22,@AmeuuhDahri Ce sont des accidents.,[],3
1267912650819854342,2020-06-02 20:15:07,@moulaninho @teddyriner @Gael_Monfils @tsonga7 Fake News.,[],0
1267912320304496651,2020-06-02 20:13:48,Et pour les victimes du terrorisme islamique vous √©tiez o√π @teddyriner @Gael_Monfils @tsonga7 ? #JusticePourAdama https://t.co/2CzM7w3Ixd,"[{'text': 'JusticePourAdama', 'indices': [96, 113]}]",400
1267907432740786178,2020-06-02 19:54:23,√Ä #Portland un homme en chaise roulante agress√© par les #BlackLivesMatter. #GeorgeFloyd https://t.co/OXifMnn0qQ,"[{'text': 'Portland', 'indices': [2, 11]}, {'text': 'BlackLivesMatter', 'indices': [56, 73]}, {'text': 'GeorgeFloyd', 'indices': [75, 87]}]",784
1267904378347945986,2020-06-02 19:42:14,RT @FrenchLivesM: #JusticepourMarin https://t.co/orMZBunZGO,"[{'text': 'JusticepourMarin', 'indices': [18, 35]}]",1803
1267903364043546625,2020-06-02 19:38:13,RT @FrDesouche: C'est marrant car le semeur de haine c'est #Zemmour mais ceux qui font des √©meutes ce ne sont jamais ses fans mais ceux qu'‚Ä¶,"[{'text': 'Zemmour', 'indices': [59, 67]}]",361
1267899833244934144,2020-06-02 19:24:11,RT @FrDesouche: La manif interdite mais tol√©r√©e pour #AdamaTraore d√©g√©n√®rehttps://t.co/qz9sxdZwtt,"[{'text': 'AdamaTraore', 'indices': [53, 65]}]",223
1267883026643591168,2020-06-02 18:17:24,"Et #JusticePourMarin, c‚Äôest pour quand ?","[{'text': 'JusticePourMarin', 'indices': [3, 20]}]",1544
1267882878635069442,2020-06-02 18:16:49,"Si c‚Äô√©taient des gilets jaunes ils auraient eu le droit au canon √† eau, aux LBD, aux motos Brav-M, aux petites phra‚Ä¶ https://t.co/LTZA4IOlXR",[],1675
1267880473960775680,2020-06-02 18:07:15,"RT @JeanMessiha: En France, des milliers de Fran√ßais de souche sont agress√©s, violent√©s et assassin√©s par des #racailles, dans le silence a‚Ä¶","[{'text': 'racailles', 'indices': [110, 120]}]",1640
1267879188519964676,2020-06-02 18:02:09,Les #JusticePourAdama vont-ils r√©ussir √† importer la guerre raciale US en France ?,"[{'text': 'JusticePourAdama', 'indices': [4, 21]}]",266
1267878983510753282,2020-06-02 18:01:20,RT @FrDesouche: La queue √† Long Island devant une armurerie#BlackLivesMatter https://t.co/cVyPVy7gN1,"[{'text': 'BlackLivesMatter', 'indices': [60, 77]}]",247
1267878360006496258,2020-06-02 17:58:51,#Montpellier : l‚Äôimam Mohamed Khattabi plac√© en garde √† vue pour viol et agression sexuelle #JusticePourAdama https://t.co/og9JjWmDBl,"[{'text': 'Montpellier', 'indices': [0, 12]}, {'text': 'JusticePourAdama', 'indices': [92, 109]}]",288
1267875317257048064,2020-06-02 17:46:46,"RT @FrDesouche: Ce qui me d√©go√ªt√© le plus dans l'antiracisme, c'est que la crainte de stigmatiser est 100 fois plus forte que la volont√© de‚Ä¶",[],68
1267874125822951427,2020-06-02 17:42:02,RT @HamsterFr: @FrDesouche Pourquoi leurs causes sont-elles toujours li√©es √† des d√©linquants ou des criminels ? Le racisme ne fait jamais d‚Ä¶,[],32
1267870022044717058,2020-06-02 17:25:43,@IamLepoy Oui je crois que √ßa a d√©j√† √©t√© largement trait√© partout et c‚Äôest effectivement un vrai probl√®me,[],0
1267869632926568450,2020-06-02 17:24:11,@Romain_Ch Tu n‚Äôes pas oblig√© de raconter n‚Äôimporte quoi. Je travaille en Belgique et je suis en France souvent. Le‚Ä¶ https://t.co/x9dcYTZO6F,[],0
1267859924945600512,2020-06-02 16:45:36,"RT @FrDesouche: Ils √©taient racistes aussi ceux qui avant #BlackLivesMatter participaient au mouvement contre le ""Black Genocide"" caus√© par‚Ä¶","[{'text': 'BlackLivesMatter', 'indices': [58, 75]}]",47
1267857537292001287,2020-06-02 16:36:07,RT @FrDesouche: Utiliser un voyou comme #AdamaTraore pour incarner la souffrance de la communaut√© noire en France... dans le genre st√©r√©oty‚Ä¶,"[{'text': 'AdamaTraore', 'indices': [40, 52]}]",454
1267857500138696705,2020-06-02 16:35:58,RT @realDonaldTrump: SILENT MAJORITY!,[],81722
1267856714327633924,2020-06-02 16:32:50,@Maxleharmek Ah du coup ils vont √™tre condamn√©s ?,[],0
1267856557800390658,2020-06-02 16:32:13,@liliandrbcq 13848328 tentatives üòÇ,[],1
1267855691965968387,2020-06-02 16:28:47,Encore une vid√©o de policiers attaqu√©s par une voiture... ils vont en tuer combien pour venger la mort de‚Ä¶ https://t.co/OIBzIqkjOd,[],173
1267855061155295235,2020-06-02 16:26:16,"Une fois de plus, ils sont au dessus des lois et peuvent manifester alors que c‚Äôest strictement interdit ?‚Ä¶ https://t.co/nxJGK6CoCQ",[],956
1267852340247265282,2020-06-02 16:15:28,@thebenevent @Medinrecords Adresse-toi √† la production. Curieusement ils n‚Äôont jamais voulu diffuser donc j‚Äôai fais‚Ä¶ https://t.co/YWoB4oSdIP,[],0
1267848527469838336,2020-06-02 16:00:19,Toutes les marques (@DeezerFR @AmazonNewsFR @Nike @adidasFR...) qui se mobilisent sur #BlackLivesMatter¬† ne l‚Äôont j‚Ä¶ https://t.co/fxu95HjAWP,"[{'text': 'BlackLivesMatter', 'indices': [86, 103]}]",749
1267846823982575617,2020-06-02 15:53:32,@FrDesouche On m‚Äôa toujours dit que c‚Äô√©taient les meilleurs du monde en gestion de foule. Ils ont g√©r√© les gilets j‚Ä¶ https://t.co/Z8UdPlA6VT,[],2
1267846447971655688,2020-06-02 15:52:03,@les_repliques @mlyqlf C‚Äôest donc bien la preuve que je ne justifie pas sa mort contrairement √† ce que tous les hys‚Ä¶ https://t.co/UJVpnuo7GS,[],0
1267846057049948161,2020-06-02 15:50:30,"RT @DamienRieu: @jmaphatie Je n‚Äôai pas de solution dans l‚Äôimm√©diat. Mais se construire des fausses r√©alit√©s, des faux coupables (les polici‚Ä¶",[],32
1267843956336926722,2020-06-02 15:42:09,@MayeneShine Il faut qu‚Äôon meurt tous ?,[],8
1267843671073882113,2020-06-02 15:41:01,"@jmaphatie Je n‚Äôai pas de solution dans l‚Äôimm√©diat. Mais se construire des fausses r√©alit√©s, des faux coupables (le‚Ä¶ https://t.co/8kbvQTZqm3",[],32
1267842815792492545,2020-06-02 15:37:37,Un officier de police renvers√© par une voiture. #BlueLivesMatter ! #GeorgeFloyd https://t.co/jSYgnDOLWT,"[{'text': 'BlueLivesMatter', 'indices': [48, 64]}, {'text': 'GeorgeFloyd', 'indices': [67, 79]}]",280
1267837139984711680,2020-06-02 15:15:04,"@jmaphatie Fermez les yeux, tout est plus facile ainsi.",[],0
1267835906595135492,2020-06-02 15:10:10,Des √©meutiers #Blacklivesmatter pillent des maisons √† #Washington. J‚Äôesp√®re que le cameraman a pu d√©fendre sa maiso‚Ä¶ https://t.co/mpWUykrk1x,"[{'text': 'Blacklivesmatter', 'indices': [14, 31]}, {'text': 'Washington', 'indices': [54, 65]}]",429
1267834919021150208,2020-06-02 15:06:14,@Medinrecords Enfin tu reconnais que tu es ¬´¬†un islamiste qui veut imposer la charia¬†¬ª ! Merci de cet aveu. La Taqya c‚Äôest termin√© ? üòä,[],1
1267761913842356228,2020-06-02 10:16:08,"RT @GWGoldnadel: Cody Holte, ce policier blanc, vient d‚Äô√™tre tu√© il y a 4 jours par l‚Äôhomme √† droite sur la photo. Retenez bien son nom, vo‚Ä¶",[],3592
1267719529662160896,2020-06-02 07:27:43,La Licra se ridiculise toute seule avec ce proc√®s d‚Äôintention. J‚Äôai moi m√™me des condamnations (certes pas du m√™me‚Ä¶ https://t.co/j6rXDQK9GZ,[],46
1267716980783689730,2020-06-02 07:17:35,RT @CorbacR: Une femme est interpell√©e dans la rue par un membre de #BlackLivesMatter qui lui demande de se mettre √† genoux et de s'excuser‚Ä¶,"[{'text': 'BlackLivesMatter', 'indices': [68, 85]}]",3672
1267711345669148672,2020-06-02 06:55:12,Fusillade et 4 officiers touch√©s √† Saint Louis.  https://t.co/cgET4loKEW,[],266
1267708076066574341,2020-06-02 06:42:12,RT @RealCandaceO: Black woman curses out a group of white #Antifa members who handed a brick to young black kids and instructed them to use‚Ä¶,"[{'text': 'Antifa', 'indices': [58, 65]}]",24264
1267707746398412801,2020-06-02 06:40:54,RT @MrAndyNgo: Incredible. @OregonGovBrown &amp; @tedwheeler let Portland city councilwoman @JoAnnPDX spread reckless disinformation in a press‚Ä¶,[],2286
1267565122417037313,2020-06-01 21:14:10,#BoycottNordVPN,"[{'text': 'BoycottNordVPN', 'indices': [0, 15]}]",330
1267564724327190533,2020-06-01 21:12:35,@JulienOdoul Coriace.,[],4
1267557750151753729,2020-06-01 20:44:52,"- 15,5% des blancs victimes de meurtres sont tu√©s par des noirs.- 8% des noirs victimes de meurtres sont tu√©s par‚Ä¶ https://t.co/e47VLTjche",[],351
1267552559687966725,2020-06-01 20:24:14,"RT @LeonydusJohnson: For every 10,000 black people arrested for violent crime, 3 are killedFor every 10,000 white people arrested for vio‚Ä¶",[],54153
1267550899708350464,2020-06-01 20:17:39,@MikkaRocchia Et ce n‚Äôest pas un ¬´¬†doux g√©ant¬†¬ª sans histoire. https://t.co/yDmQ9NQKi3,[],1
1267550646359785473,2020-06-01 20:16:38,@JonathOdonnell Insulter tu sais faire... mais argumenter... c‚Äôest trop compliqu√©.,[],0
1267546645723561984,2020-06-01 20:00:44,@StopRacailles √áa se passe en AFrique du sud et c‚Äôest vieux,[],3
1267545102928543744,2020-06-01 19:54:37,@6moncmoi @Roland13680058 @NoellaNeffati Il n‚Äôy a aucune victime. C‚Äô√©tait symbolique.,[],1
1267544575985561600,2020-06-01 19:52:31,@ottou1991 @ronystar132 Bah oui vous le faites tous les jours m√™me sans que je meurs.,[],0
1267544403754844163,2020-06-01 19:51:50,@emmarsct J‚Äôai dit √ßa ?,[],0
1267544040423280641,2020-06-01 19:50:23,"@Albertotey56 J‚Äôai aussi j‚Äôun casier, je ne suis pas suicidaire donc je ne souhaite pas du tout la mort des end con‚Ä¶ https://t.co/FqfeKXfY6f",[],0
1267543209326108672,2020-06-01 19:47:05,#Zemmour sur l‚Äôaffaire #GeorgeFloyd : ¬´¬†Les noirs sont tu√©s par les noirs √† 97%. 80% des blancs sont tu√©s par des n‚Ä¶ https://t.co/dPI6hh8Zby,"[{'text': 'Zemmour', 'indices': [0, 8]}, {'text': 'GeorgeFloyd', 'indices': [23, 35]}]",1407
1267538450112286727,2020-06-01 19:28:10,"RT @ErnstLug: Zemmour : ¬´ #GeorgeFloyd n‚Äôest pas un perdreau de l‚Äôann√©e, il a d√©j√† fait 5 ans de prison ¬ª. #FaceALinfo https://t.co/MIol1wb‚Ä¶","[{'text': 'GeorgeFloyd', 'indices': [26, 38]}, {'text': 'FaceALinfo', 'indices': [107, 118]}]",515
1267527764460142596,2020-06-01 18:45:43,Plan de relance europ√©en : la Commission Europ√©enne √©voque un total de 22 milliards d‚Äô‚Ç¨ destin√©s au Fonds ¬´ Asile e‚Ä¶ https://t.co/WjTezAFxgR,[],155
1267526342423261185,2020-06-01 18:40:04,RT @ThierryMARIANI: La manifestation des clandestins √©tait interdite mais #Macron n‚Äôa rien fait pour l‚Äôemp√™cher.Si cela avait √©t√© une mani‚Ä¶,"[{'text': 'Macron', 'indices': [74, 81]}]",629
1267525996309291008,2020-06-01 18:38:41,"RT @FrDesouche: @samgrzybowski Ce qui offre un privil√®ge en France, ce n'est pas la race mais le capital social, le capital culturel, la g√©‚Ä¶",[],25
1267525887324553217,2020-06-01 18:38:15,"RT @FrDesouche: ""l'extr√™me gauche veut importer la guerre raciale en France"" #Zemmour sur Cnews","[{'text': 'Zemmour', 'indices': [77, 85]}]",638
1267525070483869696,2020-06-01 18:35:00,@MonsieurOmega @tobbeornottobbe Si √ßa n‚Äôavait aucun int√©r√™t pourquoi s‚Äôoffusquer ?,[],0
1267524839943929857,2020-06-01 18:34:05,@memed93270b Parce que tout le monde en a parl√© üôÑ,[],0
1267524780800040966,2020-06-01 18:33:51,"@JeeB1er Ah si si, je pense m√™me que l‚Äôaffaire est plut√¥t l√†. Il y a un probl√®me interne.",[],0
1267524493314056193,2020-06-01 18:32:43,@NoellaNeffati Ah donc je justifie ma propre mort üßê,[],1
1267523684039897091,2020-06-01 18:29:30,Quand on a peur de dire ¬´¬†islamique¬†¬ª on dit d√©sormais ¬´¬†Religieux¬†¬ª. https://t.co/JIIjHWMSDY,[],452
1267522225659412481,2020-06-01 18:23:42,"RT @realDonaldTrump: Anarchists, we see you! https://t.co/ov1dMLu4Eg",[],102513
1267521182921904132,2020-06-01 18:19:34,@samgrzybowski Ce n‚Äôest pas parce que tu es un ¬´¬†fils de¬†¬ª privil√©gi√© que ton cas est une g√©n√©ralit√©.,[],0
1267520166281261058,2020-06-01 18:15:31,@ronystar132 Oui et l√† c‚Äôest la vrai d√©faillance √† mon avis.,[],0
1267515784349331456,2020-06-01 17:58:06,"@FCamilleTour Visiblement certains me comparent, sans se rendre compte que de facto ils rendent l‚Äôaccusation caduqu‚Ä¶ https://t.co/zK8RqSQJmH",[],0
1267513649918349313,2020-06-01 17:49:38,Et nul doute que vous rappellerez mes √©tats de service le jour o√π un islamiste me fera un ¬´¬†d√©grad√© au sabre¬†¬ª (dix‚Ä¶ https://t.co/6MVFqDZr3P,[],53
1267512704962646016,2020-06-01 17:45:52,Ceux qui m‚Äôaccusent de justifier la mort de #GeorgeFlyod parce que j‚Äôai os√© diffuser son casier m‚Äôaccuse de justifi‚Ä¶ https://t.co/I2OytdeTvr,"[{'text': 'GeorgeFlyod', 'indices': [44, 56]}]",195
1267509998638321664,2020-06-01 17:35:07,@XavierNicolas94 Faudrait r√©viser la notion d‚Äôassassinat.,[],0
1267509750801063936,2020-06-01 17:34:08,@samgrzybowski Les mamies arabes ne se font pas contr√¥ler. Les noirs en costumes non plus. Par contre un blanc habi‚Ä¶ https://t.co/6Wg76ahWgl,[],0
1267508140322557955,2020-06-01 17:27:44,@PoliceSynergie Donc si je comprends bien vous rejetez :- l‚Äôexpertise m√©dicale attestant qu‚Äôil n‚Äôest pas mort de √ß‚Ä¶ https://t.co/ssdH87D7B0,[],3
1267500132641255427,2020-06-01 16:55:55,@ErionLeBg @JoelPostbad Faut repondre √† quoi ?,[],0
1267493684783788032,2020-06-01 16:30:18,@adelbencherif1 @YourAnonCentral D√©sol√© mais en France ce n‚Äôest pas encore la chariah donc je peux faire reconna√Ætre mon innocence.,[],1
1267489829706743814,2020-06-01 16:14:58,@adelbencherif1 @YourAnonCentral Ni lui ni moi ne m√©ritons la mort. Mais tout le monde a le droit de savoir qui est qui non ?,[],1
1267487939556192256,2020-06-01 16:07:28,@adelbencherif1 @YourAnonCentral J‚Äôai dit quelque Chose de faux ?,[],1
1267483068710948864,2020-06-01 15:48:06,"@JM_Lafon Je fais avec vous le pari que l'on rappellera tout mon CV en d√©tail si je me fais ""refaire le d√©grad√© au sabre"" par un islamiste.",[],0
1267476225116852225,2020-06-01 15:20:55,@JM_Lafon Dans toutes les affaires ce genre d‚Äôinformations est diffus√©. Mais l√† on dirait que j‚Äôai commis un blasph‚Ä¶ https://t.co/aumwRtQiA5,[],0
1267470873730088960,2020-06-01 14:59:39,RT @StillFresh: Un flic noir en France est un tra√Ætre de sa communaut√©.,[],3542
1267470719136522246,2020-06-01 14:59:02,@StillFresh Aucune justification. J‚Äôai un casier moi aussi et je ne m√©rite pas la mort. Simplement c‚Äôest un √©l√©ment‚Ä¶ https://t.co/MFxPBVtST4,[],1
1267470329766727687,2020-06-01 14:57:29,@JM_Lafon Mais qui a dit √ßa ? J‚Äôai un casier aussi. Je ne tiens pas √† √™tre ex√©cut√© pour autant. ü§®,[],0
1267468652573573124,2020-06-01 14:50:49,@GillesClavreul ¬´¬†Hey vous avez vu je suis pas un m√©chant car je tape sur la stremdrouate sans piti√© hahahaah¬†¬ª #Machiavel,"[{'text': 'Machiavel', 'indices': [112, 122]}]",1
1267464688431923201,2020-06-01 14:35:04,"Qui se souvient de Tony Timpa ? Personne. Tony Timpa est mort lors d‚Äôune interpellation, sous les moqueries des po‚Ä¶ https://t.co/tmFlvFFxtS",[],388
1267452362551169024,2020-06-01 13:46:06,@nadness13 Mais personne a dit √ßa,[],1
1267452308272689153,2020-06-01 13:45:53,@Orbleu1 Les m√©dias l‚Äôont d√©j√† diffus√©,[],0
1267440568625479681,2020-06-01 12:59:14,"RT @FrDesouche: @AbdoulayeK3 Pour appr√©hender cette affaire de mani√®re juste, il faut tout prendre en compte. La r√©alit√© √©conomique, social‚Ä¶",[],30
1267440127921524736,2020-06-01 12:57:29,RT @FrDesouche: @17Uniform @AbdoulayeK3 Le flic  peut avoir agi de mani√®re  disproportionn√©e et au m√©pris des r√®gles sans avoir eu l'intent‚Ä¶,[],16
1267439695744598016,2020-06-01 12:55:46,@JoelPostbad Oui je suis d‚Äôaccord et ?,[],8
1267439371998892033,2020-06-01 12:54:28,@shxnkusuu @Rayannuu @Irsi97807976 Gneugneu,[],0
1267433974059671552,2020-06-01 12:33:01,@Lexiiiie1 Non.,[],0
1267432738438688768,2020-06-01 12:28:07,"Il est interdit de diffuser le casier judiciaire de #GeorgeFloyd sous peine de recevoir harc√®lement, insultes et me‚Ä¶ https://t.co/dyoCpFKZBv","[{'text': 'GeorgeFloyd', 'indices': [52, 64]}]",853
1267431651782602757,2020-06-01 12:23:48,"RT @RealCandaceO: Remember when @BilldeBlasio was blaming the riots on @realDonaldTrump? Last night, De Blasio‚Äôs daughter was arrested at‚Ä¶",[],19420
1267431279378812928,2020-06-01 12:22:19,"@Issam830 Non, je donne un √©l√©ment.",[],1
1267431200232267781,2020-06-01 12:22:00,@Thibirock √âvidemment mais ce n‚Äôest pas un petit ange mais un multir√©cidiviste. Cela donne des √©l√©ments sur le cont‚Ä¶ https://t.co/iJaxlnqJWe,[],3
1267429980604116995,2020-06-01 12:17:09,@Im__Eden Bah visiblement non puisqu‚Äôil payait avec de la fausse monnaie. Je fuis quoi ? J‚Äô√©tais √† mon proc√®s il y‚Ä¶ https://t.co/mPKxitDsoG,[],0
1267429696049946624,2020-06-01 12:16:01,@samael972 Je ne tweet pas pour dire des choses que tout le monde sait d√©j√†. Je ne vois pas l‚Äôinter√™t.,[],0
1267429511395770369,2020-06-01 12:15:17,"@FelinParisSG @JoelPostbad @mr_mauiz Juste l‚Äôhomme qui veut la v√©rit√©, et pas que dans un seul sens.",[],0
1267429352146448384,2020-06-01 12:14:39,@NoellaNeffati Qui a dit que √ßa justifie la mort ? Je n‚Äôai pas vu un seul tweet √† ce sujet.,[],2
1267428866139869189,2020-06-01 12:12:44,"@iam_ceara Je suis contre la peine de mort, donc je ne vais s√ªrement pas la d√©fendre pour un faux billet de 20$. Pa‚Ä¶ https://t.co/2h8CATTV9F",[],18
1267428560442097666,2020-06-01 12:11:31,@samael972 Le parcours du policier a largement √©t√© diffus√© dans tous les m√©dias.,[],0
1267428175518277633,2020-06-01 12:09:59,@chastelflorian Personne a dit qu‚Äôil m√©ritait la mort. Ils ont raison de ne pas respecter la pr√©somption d‚Äôinnocenc‚Ä¶ https://t.co/tFTCQ8OBvh,[],0
1267427889588436992,2020-06-01 12:08:51,@Infirmier0 Vous propagez une fake news. Ils enl√®vent le pare brise pour conduire.,[],6
1267427505599807490,2020-06-01 12:07:19,@AbdoulayeK3 Oui les affaires du policier on largement √©t√© trait√©es par la presse cf ma capture. Pas le casier de l‚Ä¶ https://t.co/LmTqdNi5rY,[],3
1267426033596334080,2020-06-01 12:01:28,"@ScpnCommissaire Non respect de la pr√©somption d‚Äôinnocence, non respect des expertises m√©dicales, volont√© de dissim‚Ä¶ https://t.co/uWKQMaTK3g",[],1
1267423583443259392,2020-06-01 11:51:44,@jakadi110 Oui je crois qu‚Äôil y a de nombreux articles √† ce sujet non ? https://t.co/xmFU9PXvJ6,[],1
1267422005550297093,2020-06-01 11:45:28,RT @FreresMusulmans: Merci fr√®re @Taleboules de rappeler que @DamienRieu sera peut-√™tre condamn√© car il a fait tomber un pic √† pigeons du t‚Ä¶,[],92
1267421411683041280,2020-06-01 11:43:06,@d_scdr Qui a dit √ßa ? ü§î,[],0
1267421231055331330,2020-06-01 11:42:23,Si m√™me un syndicat de commissaire remet en cause les expertises m√©dicales et explique que le parcours judiciaire d‚Ä¶ https://t.co/rQlFv5eSIz,[],92
1267420430912159745,2020-06-01 11:39:12,@guiltyspark78 @Taleboules @kharr_pate Mais hormis dans votre imagination personne ne se f√©licite de sa mort. Par c‚Ä¶ https://t.co/pbgAnZ9zpq,[],5
1267419227125878784,2020-06-01 11:34:25,1. Quel int√©r√™t de le cacher ? 2. Ce n‚Äôest pas ce que dit le 1er rapport d‚Äôexpertise qui explique qu‚Äôil n‚Äôy a pas‚Ä¶ https://t.co/w9o8q8JuaR,[],84
1267418516862402561,2020-06-01 11:31:36,"@AbdoulayeK3 Qui a dit que √ßa justifi√© sa mort en fait ? Personne ? Ah ok. En l‚Äôoccurrence, dissimuler cette infor‚Ä¶ https://t.co/ffpMvzbMAO",[],4
1267417516785250305,2020-06-01 11:27:38,"RT @phl43: Je sais que la diversit√© est une chance, mais quand je vois ce qui se passe aux √âtats-Unis, je me dis qu'on devrait peut-√™tre tr‚Ä¶",[],178
1267414570047549442,2020-06-01 11:15:55,"RT @DamienRieu: Santa-Monica (Californie) : Une femme √† v√©lo attaqu√©e, un homme courageux se fait lyncher en la d√©fendant. #GeorgeFloyd #Bl‚Ä¶","[{'text': 'GeorgeFloyd', 'indices': [123, 135]}]",419
1267413165786255360,2020-06-01 11:10:20,"@florentderue Pas du tout, juste que ce n‚Äôest pas un enfant de c≈ìur et que l‚Äôinformation est cach√©e.",[],0
1267410465535254530,2020-06-01 10:59:36,"RT @FrDesouche: Je ne veux pas jeter de l'huile sur le feu, mais 6 jours apr√®s la mort de #GeorgeFloyd , toujours pas le moindre microscopi‚Ä¶","[{'text': 'GeorgeFloyd', 'indices': [90, 102]}]",445
1267410270881828864,2020-06-01 10:58:50,@CCsamcro Personne ne dit √ßa.,[],0
1267409114902249473,2020-06-01 10:54:14,@InjusteJustice @Valeurs Je ne doute pas qu‚Äôavec la charia il y aurait de l‚Äôordre oui.,[],0
1267407942111854594,2020-06-01 10:49:35,"@labriochian Bah vas-y, j‚Äôen suis fier !",[],9
1267407758363635713,2020-06-01 10:48:51,"Oui des condamnations politiques pour des actions d‚Äôactivisme citoyen et non-violent, comme le fait Greenpeace par‚Ä¶ https://t.co/6xZ8SKhfNJ",[],440
1267406092189020161,2020-06-01 10:42:14,J‚Äôesp√®re que c‚Äôest une blague @valeurs. https://t.co/oK5XLk7G0b,[],54
1267392051529859073,2020-06-01 09:46:26,RT @emma_ducros: Je n'ai pas les mots. Les m√™mes jeunes urbains g√¢t√©s qui donnent des le√ßons d'√©cologie √† la terre enti√®re. Et qui sont inc‚Ä¶,[],3218
1267391478189481985,2020-06-01 09:44:10,"RT @joshdcaplan: NYP: Mayor Bill de Blasio‚Äôs daughter, Chiara, arrested at Manhattan protest",[],4208
1267340594394923012,2020-06-01 06:21:58,Le candidat d√©mocrate @JoeBiden visiblement tr√®s press√© de r√©cup√©rer la mort de #GeorgeFloyd √† coups de selfies mal‚Ä¶ https://t.co/HyUNPjB5GF,"[{'text': 'GeorgeFloyd', 'indices': [80, 92]}]",258
1267334762236129280,2020-06-01 05:58:47,Le manager d‚Äôun restaurant de Colombia violemment agress√©. #GeorgeFloydProtests https://t.co/0C7GPrEmsd,"[{'text': 'GeorgeFloydProtests', 'indices': [59, 79]}]",452
1267328266748211200,2020-06-01 05:32:59,"Santa-Monica (Californie) : Une femme √† v√©lo attaqu√©e, un homme courageux se fait lyncher en la d√©fendant.‚Ä¶ https://t.co/iO0BSrxYgQ",[],419
1267327441002995712,2020-06-01 05:29:42,"Casier judiciaire de #GeorgesFloyd : - 2007, 5 ans de Prison : √† cambriol√© une femme et point√© une arme sur son ve‚Ä¶ https://t.co/HitpJNcMeM","[{'text': 'GeorgesFloyd', 'indices': [21, 34]}]",1399
1267224423045697536,2020-05-31 22:40:21,RT @FrDesouche: Que certaines des plus grandes multinationales s'ach√®tent une virginit√© en soutenant #BlacklivesMaters  met √† mal la th√©ori‚Ä¶,"[{'text': 'BlacklivesMaters', 'indices': [101, 118]}]",148
1267221810724159489,2020-05-31 22:29:58,RT @FrenchLivesM: Justice pour Thierry Nivon et Julien Vinson. #RomansSurIsere #georgesfloyd https://t.co/u9pqahI3tT,"[{'text': 'RomansSurIsere', 'indices': [63, 78]}, {'text': 'georgesfloyd', 'indices': [79, 92]}]",152
1267218404840275971,2020-05-31 22:16:26,Quand un pillard noir se fait attaquer par d‚Äôautres pillards noirs c‚Äôest raciste ou pas du coup ? #georgesfloyd https://t.co/c7AAKv9YMc,"[{'text': 'georgesfloyd', 'indices': [98, 111]}]",337
1267215154200133633,2020-05-31 22:03:31,Vid√©o de la cam√©ra de surveillance du couple de commer√ßants attaqu√©. Qu‚Äôest ce qu‚Äôils ont fait de mal pour m√©riter‚Ä¶ https://t.co/Bkaisqh78u,[],1150
1267214493127454726,2020-05-31 22:00:53,Los Angeles 1992. D√©j√† √† l‚Äô√©poque on s‚Äôattaquait √† des innocents. #georgesfloyd https://t.co/P5lebrqcsa,"[{'text': 'georgesfloyd', 'indices': [66, 79]}]",384
1267209325707169793,2020-05-31 21:40:21,"√Ä Austin au Texas, les √©meutiers #BlackLivesMatters br√ªlent les affaires d‚Äôun sans-abris. üòî #georgesfloyd https://t.co/TSfeeYc47p","[{'text': 'BlackLivesMatters', 'indices': [33, 51]}, {'text': 'georgesfloyd', 'indices': [92, 105]}]",1478
1267207173097926658,2020-05-31 21:31:48,@printempsrepub @bouche_bee https://t.co/7LQlpZkEO5,[],10
1267205630118498309,2020-05-31 21:25:40,@NaderAllouche @LDH_Fr Bravo Nader üëç,[],7
1267200152978276359,2020-05-31 21:03:54,Je pense que l‚Äôobjectif des antifas et de la gauche am√©ricaine c‚Äôest de provoquer Trump jusqu‚Äô√† qu‚Äôil donne l‚Äôordre‚Ä¶ https://t.co/TU28x6FtiZ,[],589
1267195092760215556,2020-05-31 20:43:48,@AbdoulayeK3 Valider le story telling d‚Äôune police raciste et coupable c‚Äôest tr√®s dangereux. Ces images sont irresponsables.,[],1
1267194819471986695,2020-05-31 20:42:42,Les policiers attaqu√©s et leurs voitures pill√©es √† #Philadelphia. https://t.co/f2ggVMQyY1,"[{'text': 'Philadelphia', 'indices': [51, 64]}]",171
1267191960617566210,2020-05-31 20:31:21,RT @NBoulouque: @DamienRieu Il y a plus de noirs dans la police am√©ricaine que chez les antifas!,[],44
1267191818757836801,2020-05-31 20:30:47,@Nenzooyoung Ah bon ? Tu vois √ßa ou ?,[],1
1267190816126222337,2020-05-31 20:26:48,@CrimsonKira2 @vianneyrama @KMbappe https://t.co/1quFy2ce7G,[],0
1267189981845565441,2020-05-31 20:23:29,Vous imaginez le scandale si c‚Äô√©tait l‚Äôinverse ? Si une foule en col√®re de blancs lynchait un noir comme ils font a‚Ä¶ https://t.co/kNqOvbNMik,[],735
1267187989765132288,2020-05-31 20:15:34,@amazon https://t.co/yUUL1cq3iS,[],48
1267184965663547392,2020-05-31 20:03:33,Les indig√©nistes de France r√™vent d‚Äôimporter la guerre raciale am√©ricaine ici. Ils feront tout pour mardi.‚Ä¶ https://t.co/B1Gs2U70VJ,[],273
1267178666980761600,2020-05-31 19:38:31,RT @JackPosobiec: Violence is a virus and Antifa are superspreaders,[],1412
1267177242293133315,2020-05-31 19:32:52,Une femme noire en col√®re contre des antifas blanches qui tagguent un commerce : ¬´¬†si vous faites √ßa ils vont bl√¢me‚Ä¶ https://t.co/qtrwWlt3f8,[],464
1267174274181316608,2020-05-31 19:21:04,@KMbappe https://t.co/pVsIn1DQqq,[],24
1267173428018241539,2020-05-31 19:17:42,#GeorgesFloyd #BlackLivesMatter https://t.co/rMuIWZumpZ,"[{'text': 'GeorgesFloyd', 'indices': [0, 13]}, {'text': 'BlackLivesMatter', 'indices': [14, 31]}]",364
1267171669677871105,2020-05-31 19:10:43,Washington : des messages inscrits dans certains quartiers par des noirs demandent aux blancs de soutenir‚Ä¶ https://t.co/hu8IhiMSWM,[],239
1267160175003283456,2020-05-31 18:25:03,Pourquoi ils pillent des chaussures ? Elles sont racistes elles aussi ? #GeorgesFloyd est juste devenue une excuse‚Ä¶ https://t.co/kM3aWVXKWS,"[{'text': 'GeorgesFloyd', 'indices': [72, 85]}]",970
1267158255794556929,2020-05-31 18:17:25,RT @le_Parisien: Un Marocain de 34 ans est suspect√© d‚Äôavoir viol√© deux femmes et tent√© de violer deux autres victimes dans les rues du XXe‚Ä¶,[],415
1267157537004101633,2020-05-31 18:14:34,Un couple de commer√ßants attaqu√©s par les #BlackLivesMatter. https://t.co/nh1EKoKTkV,"[{'text': 'BlackLivesMatter', 'indices': [42, 59]}]",370
1267141933501218816,2020-05-31 17:12:33,RT @realDonaldTrump: The United States of America will be designating ANTIFA as a Terrorist Organization.,[],226131
1267125426532552705,2020-05-31 16:06:58,Los Angeles. https://t.co/qFBdmYiKyC,[],349
1267124277528141833,2020-05-31 16:02:24,M√©lenchon se f√©licitant de la guerre raciale. Affligeant. https://t.co/rtnjMhTB9L,[],333
1267119375737327617,2020-05-31 15:42:55,@pierre_plottu Depuis quand les antifas sont noirs mdr,[],1
1267117522228215808,2020-05-31 15:35:33,Autrefois dire que le blanc √©tait ¬´¬†sup√©rieur¬†¬ª c‚Äô√©tait du racisme. Dire la m√™me chose aujourd‚Äôhui c‚Äôest de l‚Äôanti-racisme. #whiteprivilege,"[{'text': 'whiteprivilege', 'indices': [125, 140]}]",148
1267117086129750017,2020-05-31 15:33:49,Le n√©o-supremacisme blanc : https://t.co/P0pYvzlmu8,[],31
1267104509836300290,2020-05-31 14:43:51,Des officiers de police lynch√©s par la foule √† #Chicago. https://t.co/46ptBXHxPr,"[{'text': 'Chicago', 'indices': [47, 55]}]",586
1267103608438489089,2020-05-31 14:40:16,RT @FrDesouche: Dramatique moment karma √† Fayetteville (USA)...Un incendiaire prend feu...https://t.co/5PG4mrvDQK,[],307
1267092320454918144,2020-05-31 13:55:25,"RT @luc_lhl: Massacre d'un commer√ßant √† Dallas par les manifestants #BlackLivesMatter. Ce mouvement, manipul√© par la gauche, n'est qu'un pr‚Ä¶","[{'text': 'BlackLivesMatter', 'indices': [68, 85]}]",436
1267053232012046336,2020-05-31 11:20:05,Si vous n‚Äôavez pas vu l‚Äôimmanquable d√©bat #Zemmour-#Onfray : https://t.co/Wdg9m1YUAu,"[{'text': 'Zemmour', 'indices': [42, 50]}, {'text': 'Onfray', 'indices': [51, 58]}]",78
1267047436083740672,2020-05-31 10:57:04,"RT @FrDesouche: D√©noncer le ""white privlege"" quand tu es blanc, ce n''est pas une fa√ßon de d√©noncer une injustice, mais d'abandonner un nav‚Ä¶",[],175
1267047330349486082,2020-05-31 10:56:38,"RT @FrDesouche: Pillage √† Rochester, NYLes propri√©taires essaient de prot√©ger leurs magasins, et sont tabass√©s.Le ""white privl√®ge"" de te‚Ä¶",[],661
1266848574123511820,2020-05-30 21:46:51,#Minneapolis https://t.co/LBDpy60rdv,"[{'text': 'Minneapolis', 'indices': [0, 12]}]",297
1266833855765504003,2020-05-30 20:48:22,On ne l'a pas entendu pour Romans-sur-Is√®re.https://t.co/clgMzvMdGu,[],236
1266827832250040323,2020-05-30 20:24:26,@EwanjeEpee @tartarpe Je parlais du mouvement pas des noirs sp√©cialement. Mais si vous voulez vous amuser √† regarde‚Ä¶ https://t.co/B3GmTTyJFb,[],1
1266826413149024256,2020-05-30 20:18:48,"Quand c'est un blanc qui meurt lors d'une interpellation, il n'y a ni √©meutes, ni indignation m√©diatique et la Just‚Ä¶ https://t.co/9ooqmnOfib",[],564
1266824413065904130,2020-05-30 20:10:51,"RT @AndreaKotarac: üì∫ ¬´¬†Quand on a une candidate verte qui fait un front r√©publicain contre @louis_aliot, √ßa me fait rire. Ce sont pr√©cis√©me‚Ä¶",[],224
1266820579883126784,2020-05-30 19:55:37,"RT @P_Vardon: üì∫ ¬´¬†5 000 clandestins qui manifestent ? Eh bien normalement ils devraient √™tre arr√™t√©s, conduits dans des centres de r√©tentio‚Ä¶",[],794
1266793499501957121,2020-05-30 18:08:00,"RT @MohamedLOUIZI: La signature de l'islam politique est ostensible sur la ""fiction"" #Ramdam qu'@ARTEfr a diffus√©e hier soir. Son sc√©narist‚Ä¶","[{'text': 'Ramdam', 'indices': [85, 92]}]",175
1266778533306736641,2020-05-30 17:08:32,√Ä #Oakland les #BlacklivesMaters ont tu√© un policier du FBI et ont pill√© les voitures d‚Äôun concessionnaire.‚Ä¶ https://t.co/By8BLAtm0V,"[{'text': 'Oakland', 'indices': [2, 10]}, {'text': 'BlacklivesMaters', 'indices': [15, 32]}]",421
1266754670971826181,2020-05-30 15:33:43,En France le racisme policier est si terrible que des milliers de clandestins manifestent pour y rester.,[],1958
1266754490067300359,2020-05-30 15:33:00,RT @NaderAllouche: Urgent : je suis place de la R√©publique √† la manifestation des sans papiers. Leur leader est un islamiste. Il harangue l‚Ä¶,[],3095
1266739325821227013,2020-05-30 14:32:44,RT @FrDesouche: Des clandestins manifestent pour √™tre r√©gularis√©s dans un pays dont les ouvriers autochtones d√©filent pour ne pas √™tre lice‚Ä¶,[],767
1266739136297349124,2020-05-30 14:31:59,"La France, ce pays magique o√π des milliers de d√©linquants clandestins peuvent d√©filer en toute impunit√© alors que l‚Ä¶ https://t.co/RAXkLR21pO",[],1046
1266733959729332230,2020-05-30 14:11:25,Manifestation de clandestins en ce moment √† #Paris.Pour les Fran√ßais les rassemblements de plus de 10 personnes so‚Ä¶ https://t.co/NoUZtoNYPz,"[{'text': 'Paris', 'indices': [44, 50]}]",1729
1266655336217313280,2020-05-30 08:59:00,@sychazot Oui parce que la gauche americaine  ne souffle pas du tout sur les braises pour revenir dans le jeu.,[],0
1266651284368736257,2020-05-30 08:42:54,RT @PrisonPlanet: CNN spent the last 48 hours suggesting the destruction of private property was a legitimate form of protest.Then as soo‚Ä¶,[],4591
1266643974640537603,2020-05-30 08:13:51,"Utiliser la mort de #GeorgeFloyd pour voler un sac √† main de luxe, c‚Äôest quel niveau de honte ? #Minneapolis https://t.co/Mq4kepv9vO","[{'text': 'GeorgeFloyd', 'indices': [20, 32]}, {'text': 'Minneapolis', 'indices': [96, 108]}]",443
1266643608813395969,2020-05-30 08:12:24,Si on coupe la vid√©o √† la 22eme seconde √ßa devient une bavure polici√®re. Les vid√©os peuvent √™tre trompeuses.‚Ä¶ https://t.co/GSHl8PYPML,[],850
1266633607763935233,2020-05-30 07:32:39,"RT @dobsky33: A Noisy-le-sec, apr√®s des √©chauffour√©es, un policier retrouve une balle dans son gilet de protection.Le parti communiste de‚Ä¶",[],239
1266505118293385216,2020-05-29 23:02:05,"RT @FrDesouche: #marseille, la BAC chass√©e d'une cit√© ?https://t.co/1dxJjVBVpJ","[{'text': 'marseille', 'indices': [16, 26]}]",516
1266478111773900801,2020-05-29 21:14:46,Les autres membres de l‚Äô√©quipe de CNN : des blancs. Ils ont aussi √©t√© arr√™t√©. Encore une fois Sopo souffle sur les‚Ä¶ https://t.co/tokmko5BeJ,[],427
1266394838406246400,2020-05-29 15:43:52,@hakthedream Explique un obs√©d√© d‚ÄôIsrael. https://t.co/z6r4j0Yz9z,[],0
1266390697738985480,2020-05-29 15:27:25,√Ä #Minneapolis les commer√ßants noirs mettent une affiche ¬´¬†Black owner¬†¬ª (Proprietaire noir) pour ne pas se faire a‚Ä¶ https://t.co/LYNvjERyz9,"[{'text': 'Minneapolis', 'indices': [2, 14]}]",1213
1266384556053139458,2020-05-29 15:03:01,Oui je suis prudent car si la censure de Twitter / loi Avia ne per√ßoit pas la diff√©rence entre l‚Äôorganisation ¬´¬†Fr√®‚Ä¶ https://t.co/3YBrcYTES7,[],324
1266381808649883649,2020-05-29 14:52:06,"RT @MonnierThibaut: üî¥ Pour @gerardcollomb, il n‚Äôy a pas de probl√®me de s√©curit√© √† #Lyon. Vraiment ? ‚§µÔ∏è https://t.co/kB3OpCaPCO","[{'text': 'Lyon', 'indices': [82, 87]}]",137
1266345610074116097,2020-05-29 12:28:15,RT @PhOlivierRN: Nous avions pr√©venu et c‚Äôest d√©sormais @ThierryBreton qui le dit ¬´¬†l‚Äôid√©e c‚Äôest que la commission europ√©enne puisse lever‚Ä¶,[],85
1266339106956640256,2020-05-29 12:02:25,RT @FrDesouche: Diffamer la police et souffler sur les braises des tensions raciales ouvre les portes du service public #CameliaJordana htt‚Ä¶,"[{'text': 'CameliaJordana', 'indices': [120, 135]}]",169
1266325546608275458,2020-05-29 11:08:32,"RT @J_Bardella: Le champion @TonyYoka appelle √† ""mettre un penalty dans sa grand mere aux keufs"" et √† ""tout bruler tout niquer""...Toutes‚Ä¶",[],388
1266296894738665473,2020-05-29 09:14:41,"RT @JohannMargulies: Donc, si j'ai bien compris la France va contribuer √† hauteur de 100 mds ‚Ç¨ pour n'en r√©cup√©rer que 39, va devoir garant‚Ä¶",[],449
1266165837599293445,2020-05-29 00:33:54,"¬´¬†Contre le racisme de la police, saccageons les √©coles¬†¬ª ü§î https://t.co/Mqf92353lz",[],421
1266163633849073670,2020-05-29 00:25:09,"RT @rolandjcastro: Goasguen m‚Äôa cass√© la gueule en 68 avec Longuet, Madelin et Devedjan. ils √©taient 30, nous 2: Patrick Macalise et moi .‚Ä¶",[],330
1266161021498077184,2020-05-29 00:14:46,"RT @FrDesouche: St√©phane Ravier : ""Vous expliquez √† 500 000 000 de jeunes Africains que s'ils viennent ill√©galement chez nous, ils seront a‚Ä¶",[],399
1266104246015049728,2020-05-28 20:29:09,"10 fois qu‚Äôils essaient d‚Äôaccuser la police de meurtre, 10 fois que l‚Äôaffaire se d√©gonfle quand on a tous les √©l√©ments. #Montigny","[{'text': 'Montigny', 'indices': [120, 129]}]",558
1266036021113823233,2020-05-28 15:58:03,"Le voile islamique n‚Äôest pas un bout de tissu, c‚Äôest un bout de charia.",[],990
1266027042316918785,2020-05-28 15:22:23,"Apr√®s les pillages, des immeubles en flamme √† #Mineapolis pour venger la mort de #GeorgeFloyd https://t.co/ldgdNLA4yM","[{'text': 'Mineapolis', 'indices': [46, 57]}, {'text': 'GeorgeFloyd', 'indices': [81, 93]}]",286
1265897723401768960,2020-05-28 06:48:31,Il a raison √ßa existe d√©j√† un peu m√™me chez nous en fait. https://t.co/xdAY9YwNA6,[],35
1265897549849931781,2020-05-28 06:47:49,@Christi91660698 C‚Äôest vraiment pour cette raison ?,[],0
1265896616550154245,2020-05-28 06:44:07,@Hesperiaeterna √áa ne doit pas √™tre une soci√©t√© agr√©able √† vivre je suis d√©sol√©. √áa cumule tous les d√©fauts. Dans c‚Ä¶ https://t.co/K8oj0Vuarl,[],0
1265893915376463873,2020-05-28 06:33:23,Je ne vois aucune solution pour apaiser les tensions ethniques aux USA. √áa empire chaque jour. Que des policiers no‚Ä¶ https://t.co/Y5QlN80QKE,[],125
1265889634036391936,2020-05-28 06:16:22,Une femme handicap√©e attaqu√©e par les √©meutiers #BlackLivesMatter de #Minneapolis. https://t.co/tqUpLAi0tT,"[{'text': 'BlackLivesMatter', 'indices': [48, 65]}, {'text': 'Minneapolis', 'indices': [69, 81]}]",451
1265886794538602496,2020-05-28 06:05:05,USA : Certains profitent des √©meutes #BlackLivesMatter¬† pour piller les magasins. Utiliser la mort d‚Äôun homme pour‚Ä¶ https://t.co/jeXumT6jAs,"[{'text': 'BlackLivesMatter', 'indices': [37, 54]}]",395
1265874018239905794,2020-05-28 05:14:19,√Ä mon avis @Camelia_Jordana va nous sortir une chanson contre les trains policiers d‚Äôici la fin de la semaine. #Montigny,"[{'text': 'Montigny', 'indices': [111, 120]}]",192
1265789823098523648,2020-05-27 23:39:45,J‚Äôapprends que le jeune qui s‚Äôest tu√© en moto √† #Montigny a √©t√© percut√© par un train. Un train raciste probablement...  üôÑ,"[{'text': 'Montigny', 'indices': [48, 57]}]",943
1265782157122945025,2020-05-27 23:09:18,"RT @CentristeModere: 1. Le tweet2. Le titre3. Les faits, qui vont compl√®tement dans l'autre sens mais qu'on est oblig√© de confirmer, en p‚Ä¶",[],99
1265780948160970755,2020-05-27 23:04:29,"RT @FrDesouche: ""On part parce que le loyer, il est trop √©lev√© pour ma maman""Le p√®re d'Axelle et Baptiste √©tait infirmier lib√©ral et pomp‚Ä¶",[],603
1265775463307280384,2020-05-27 22:42:42,"Un jeune se tue lors d‚Äôun rod√©o √† #Montigny. Les policiers √† nouveau accus√©, sans doute √† tort comme les derni√®res‚Ä¶ https://t.co/mtNFMVfQTs","[{'text': 'Montigny', 'indices': [34, 43]}]",617
1265715033415319553,2020-05-27 18:42:34,RT @RealCandaceO: Percentage of people killed by police officers annually:Whites: 55%Blacks: 27%Hispanic: 19%Can anyone provide me th‚Ä¶,[],11384
1265705147591778308,2020-05-27 18:03:17,Les #BlackLivesMatter de France devraient franchement se trouver d‚Äôautres martyrs que la famille #Traor√©... https://t.co/Xp64iPDQOh,"[{'text': 'BlackLivesMatter', 'indices': [4, 21]}, {'text': 'Traor√©', 'indices': [97, 104]}]",208
1265681532389392386,2020-05-27 16:29:27,RT @PhOlivierRN: L‚ÄôUE tente de faire oublier son inaction durant la crise du #Covid19. Attention la mutualisation des dettes pourrait condu‚Ä¶,"[{'text': 'Covid19', 'indices': [77, 85]}]",65
1265417369196933123,2020-05-26 22:59:45,Violence contre les femmes : 57% des tunisiennes en sont victimes https://t.co/aRjD0YKX2x via @f_desouche,[],319
1265416647998922752,2020-05-26 22:56:53,RT @DeSjw: Donc le beau fr√®re d'Asia Bibi a √©t√© tu√© au Pakistan. Une pens√©e √©nerv√©e pour les gens (avec qui la gauche signe) qui avaient di‚Ä¶,[],79
1265416084263501826,2020-05-26 22:54:39,"RT @Ellibec: üó≥Ô∏èüá´üá∑ Dans 84% des communes de plus de 1000 habitants, la liste gagnante a √©t√© √©lue par moins de 30% de la population.L'impac‚Ä¶",[],39
1265376944109031432,2020-05-26 20:19:07,‚û°Ô∏è √Ä #Strasbourg des centaines de ¬´¬†jeunes¬†¬ª organisent un match de foot en plein confinement.‚û°Ô∏è Interview de l‚Äôad‚Ä¶ https://t.co/7wtPfqKMEU,"[{'text': 'Strasbourg', 'indices': [5, 16]}]",2040
1265324204519555072,2020-05-26 16:49:33,"Avec son charisme, son autorit√© et son parcours, @ChTaubira est la seule qui peut unir tout le spectre de la gauche‚Ä¶ https://t.co/duKaACHEs2",[],39
1265298598658486290,2020-05-26 15:07:48,@DisPopuli Source : Badoit.,[],4
1265297620811030528,2020-05-26 15:03:55,Les Alg√©riens devraient nous donner gratuitement leur gaz et leur p√©trole pour nous d√©dommager des razzias de pirat‚Ä¶ https://t.co/U2OyKoKTXX,[],1153
1265297075119575045,2020-05-26 15:01:45,@martelf @VigilantCitoyen @Causeur Arr√™ter d‚Äôutiliser le patrimoine historique pour votre business. Massacrer‚Ä¶ https://t.co/Bdwc7jj4ro,[],23
1265252402044813324,2020-05-26 12:04:14,"RT @MLP_officiel: Un mineur multir√©cividiste est accus√© d'avoir tu√© un retrait√© de 72 ans, lors d'un ""rod√©o"". Il a √©t√© remis en libert√©. Vo‚Ä¶",[],1641
1265244147713220615,2020-05-26 11:31:26,RT @DVanLangenhove: Brusselse gezelligheid https://t.co/gjGVgzQPxU,[],88
1265233092828110848,2020-05-26 10:47:30,RT @Vertumne1: Aucun. C'est le complexe d'inf√©riorit√© (incompr√©hensible) d'une nation qui avait un pr√©sident du S√©nat antillais (Gaston Mon‚Ä¶,[],160
1264998862894379008,2020-05-25 19:16:46,Toutes les civilisations ont √©t√© esclavagistes (...) tout le monde a √©t√© esclave (...) les blancs aussi (...) entre‚Ä¶ https://t.co/nOKOA2VnqB,[],755
1264966982174232576,2020-05-25 17:10:05,¬´¬†Toute l‚Äôhumanit√© a pratiqu√© l‚Äôesclavage. Mais une seule civilisation l‚Äôa aboli : l‚ÄôEurope.¬†¬ªZemmour #FaceAlinfo,"[{'text': 'FaceAlinfo', 'indices': [103, 114]}]",1057
1264952015710494720,2020-05-25 16:10:36,"Si @Camelia_Jordana voyait cette vid√©o, elle s‚Äôexilerait sur Pluton. https://t.co/zdsKz9hIMQ",[],1030
1264950784757768192,2020-05-25 16:05:43,RT @PhOlivierRN: Le plus beau patrimoine et les plus beaux paysages du monde... cet √©t√© (re)d√©couvrons la France ! #Tourisme #COVID„Éº19 htt‚Ä¶,"[{'text': 'Tourisme', 'indices': [116, 125]}, {'text': 'COVID„Éº19', 'indices': [126, 135]}]",69
1264949761825812481,2020-05-25 16:01:39,RT @DamienObrador: Les potes de #CameliaJordana √† Paris 13 il y a quelques heures... https://t.co/Gdsaga2Ywc,"[{'text': 'CameliaJordana', 'indices': [32, 47]}]",2851
1264944645014016001,2020-05-25 15:41:19,L‚Äôuniversalisme r√©publicain est h√©rit√© de l‚Äôodieuse troisi√®me r√©publique colonisatrice. √âtrange que vous y fassiez‚Ä¶ https://t.co/CNTDK74v5z,[],21
1264940245604335622,2020-05-25 15:23:50,Je ne comprends pas pourquoi il y a des coll√®ges et des rues ¬´¬†Rosa Parks¬†¬ª au fin fond de la France. C‚Äôest quoi le‚Ä¶ https://t.co/6T04fzSgUC,[],350
1264917365654990849,2020-05-25 13:52:55,RT @J_Bardella: https://t.co/Lx5RSjiXOz,[],460
1264915707285975040,2020-05-25 13:46:20,RT @FrDesouche: Cam√©lia Jordana accuse les policiers de racisme alors qu'elle- m√™me tient des propos racistes contre les Blancs https://t.c‚Ä¶,[],574
1264729833969418241,2020-05-25 01:27:44,"RT @P_Vardon: Ah oui au fait, quand #CameliaJordana pleurniche sur les fr√®res d‚ÄôAssa Traor√© en prison... L‚Äôun d‚Äôeux y est pour avoir escroq‚Ä¶","[{'text': 'CameliaJordana', 'indices': [36, 51]}]",1189
1264702843304501250,2020-05-24 23:40:29,RT @JulienOdoul: Le #PSG propri√©t√© de l‚Äô√©mirat islamiste du #Qatar n‚Äôa pas souhait√© de joyeuses P√¢ques aux catholiques ou de #YomKippour √†‚Ä¶,"[{'text': 'PSG', 'indices': [20, 24]}, {'text': 'Qatar', 'indices': [60, 66]}, {'text': 'YomKippour', 'indices': [125, 136]}]",312
1264698976282054663,2020-05-24 23:25:07,RT @FrDesouche: 5 ans apr√®s les attentats de Charlie Hebdo et du Bataclan qui avaient provoqu√© un √©lectrochoc sur la question des banlieues‚Ä¶,[],517
1264698544260292608,2020-05-24 23:23:24,Pourquoi elle filme son menton ? üßê https://t.co/htMD27zdQX,[],117
1264684633939152896,2020-05-24 22:28:08,"RT @A_M_edee: C'est marrant, j'ai pourtant la m√™me couleur de peau que cette chanteuse, mais moi c'est plut√¥t face √† la racaille que je ne‚Ä¶",[],1336
1264676764435058688,2020-05-24 21:56:51,Les fameux brouteurs norv√©giens üòè https://t.co/cMS1JQGViA,[],200
1264582723198504967,2020-05-24 15:43:10,@Tudites @CCastaner C‚Äôest d√©j√† le cas sauf que ce sont toujours les adversaires qui ont les images et les utilisent‚Ä¶ https://t.co/7senjRtZyk,[],0
1264542689313337344,2020-05-24 13:04:05,@Taleboules @CCastaner O√π sont les images de toutes les derni√®res pol√©miques du coup ?,[],2
1264496816764174343,2020-05-24 10:01:48,@CCastaner Imposez les cam√©ras sur chaque policier et diffusez les vid√©os de ce qu‚Äôils subissent au lieu de Twitter‚Ä¶ https://t.co/EC8XM56KVl,[],327
1264491329083658241,2020-05-24 09:40:00,RT @azizzemouri1: Attaque au couteau (c√©ramique?)d√©jou√© vers 10h le 24 au commissariat du 18√®me @prefpolice #DeconfinementJour14 l‚Äôassaill‚Ä¶,"[{'text': 'DeconfinementJour14', 'indices': [109, 129]}]",35
1264485314229403653,2020-05-24 09:16:06,@gabirobfrance ¬´¬† c‚Äôest un vote de c≈ìur plut√¥t qu‚Äôun vote de peur¬†¬ª dit il apr√®s avoir √©voqu√© l‚Äôapocalypse 1234 fois,[],13
1264481909054242819,2020-05-24 09:02:34,On attend avec impatience l‚Äôindignation de @Camelia_Jordana pour :- Les milliers de flics bless√©s chaque ann√©e -‚Ä¶ https://t.co/8PHTUD2bdC,[],642
1264480495997517825,2020-05-24 08:56:57,"RT @FreresMusulmans: Nous interdisons aux koufars tels @DamienRieu :-de faire la promo du livre de O Djellil, l'homme de la vid√©o, qui exp‚Ä¶",[],63
1264365148183166976,2020-05-24 01:18:36,"RT @VarlanOlivier: Le monde connu par les Europ√©ens, de 1400 √† 1900 : [par Costas Melas] https://t.co/oRxJMFeAec",[],2653
1264360766121132033,2020-05-24 01:01:11,@Alilou77Alilou @VarlanOlivier Je me revendique √©conomiste ?,[],1
1264358988478545922,2020-05-24 00:54:08,RT @DVanLangenhove: Een nieuwe dag in multicultureel paradijs Brussel: man wordt neergestoken in metrostation Kruidtuin. Opgelet: schokkend‚Ä¶,[],380
1264357856326844417,2020-05-24 00:49:38,RT @PeterColumns: La gauche racialiste a un probl√®me. Elle est totalement en phase avec l'√©lectorat qu'elle vise mais celui-ci ne vote pas.‚Ä¶,[],79
1264355312234086400,2020-05-24 00:39:31,"RT @VarlanOlivier: Carte de France des ch√¢teaux m√©di√©vaux, par Jean-Claude Golvin : https://t.co/o3R2jlKBUN https://t.co/7XKxAgeihH",[],293
1264351768969953283,2020-05-24 00:25:26,RT @libe: La revanche du niqab face au masque sanitaire obligatoire https://t.co/gMOcIOtNPN https://t.co/HUT7LP7kVd,[],196
1264303952134311936,2020-05-23 21:15:26,@JulienPain √âtrange de choisir Oubrou pour votre propagande... https://t.co/tESvlaHkTG,[],0
1264303591612915712,2020-05-23 21:14:00,Et voici une autre vid√©o de #TareqOubrou lui m√™me qui pr√¥ne le califat... üò° https://t.co/TsQY0tUUEi,"[{'text': 'TareqOubrou', 'indices': [28, 40]}]",192
1264303516140650500,2020-05-23 21:13:42,"Fan de Ben Laden, antisemite... honte √† @BFMTV (@FogielMarcO) qui a interview√© tout √† l‚Äôheure l‚Äôimam de #Bordeaux‚Ä¶ https://t.co/oz7JsC7z7J","[{'text': 'Bordeaux', 'indices': [104, 113]}]",916
1264300584674484225,2020-05-23 21:02:03,@aurelifil Et ?,[],7
1264224276800045058,2020-05-23 15:58:50,"RT @FrDesouche: La gauche moderne a reni√©, toutes ses figures mythologiques et tous ses mythes fondateurs Si la gauche fran√ßaise faisait s‚Ä¶",[],297
1264155283414224902,2020-05-23 11:24:41,Tellement ringard de ne pas vivre de subventions et d‚Äôargent public... https://t.co/CNwRdy8tQc,[],359
1264145427680632832,2020-05-23 10:45:31,@FrDesouche Error 404 chez @pierre_plottu https://t.co/nBZpFnZmWp,[],0
1264144394216710144,2020-05-23 10:41:24,"N√Æmes : un adolescent sous contr√¥le judiciaire tue un homme de 72 ans, il est remis en libert√© apr√®s 48H de garde √†‚Ä¶ https://t.co/Vo6VEBx5aC",[],662
1264143350300643329,2020-05-23 10:37:16,Ils ont la main sur 90% des m√©dias publics et de la culture subventionn√©e mais √ßa ne leur suffit toujours pas. https://t.co/junDtc48Ck,[],440
1264137306547552256,2020-05-23 10:13:15,"Strasbourg : tout juste sorti de l‚Äôh√¥pital psychiatrique, l‚Äôagresseur sexuel marocain r√©cidive https://t.co/Re83ygpbxD via @f_desouche",[],368
1264135771000393730,2020-05-23 10:07:08,"RT @RonanPla: ""Dans le quartier, on ne parle que de √ßa."" A la Roche-sur-Yon, les habitants sont sous le choc apr√®s avoir d√©couvert que Gasp‚Ä¶",[],349
1264131681319038977,2020-05-23 09:50:53,@AbelMestre Oui car pr√©sent c‚Äôest le journal des ouvriers pas des moudjiks.,[],0
1264130087802281984,2020-05-23 09:44:33,@DjelabaBabouche @GWGoldnadel 2% hahaaha. Si c‚Äô√©tait 2% on ne serait pas en train de discuter.,[],0
1264129304620924928,2020-05-23 09:41:27,@AbelMestre @mario_marchal @pierre_plottu C‚Äôest de niveau de Plottu pas de Mestre √ßa. Le manque de pratique vous a‚Ä¶ https://t.co/grnayvBIex,[],0
1264128828064124928,2020-05-23 09:39:33,@AbelMestre √Ä moins que... c‚Äô√©tait s√ªrement un hommage au communisme. üòÖ https://t.co/1wu7PRB4bQ,[],1
1264128166978879488,2020-05-23 09:36:56,@AbelMestre Charles Martel =&gt; Marteau. C‚Äôest fascinant comment on peut tomber √† c√¥t√© de la r√©f√©rence.,[],1
1264125649842851848,2020-05-23 09:26:55,@DjelabaBabouche @GWGoldnadel On a pas de travail √† donner en fait. Il y a d√©j√† logements et aides c‚Äôest d√©j√† bien.‚Ä¶ https://t.co/QQApZ0VBoQ,[],0
1263980847054696448,2020-05-22 23:51:32,"RT @JcBrisard: Il y a 3 ans, le 22 mai 2017, un attentat perp√©tr√© au #Manchester Arena (Royaume-Uni) √† la fin d‚Äôun concert d‚ÄôAriana Grande‚Ä¶","[{'text': 'Manchester', 'indices': [69, 80]}]",528
1263942272489525248,2020-05-22 21:18:15,üò≠üò≠üò≠üò≠üò≠üò≠üò≠üò≠ https://t.co/OL7cyUaeVV,[],389
1263935850875949056,2020-05-22 20:52:44,Et ils sont tous de gauche. https://t.co/10OICpnNqM,[],412
1263922388103827457,2020-05-22 19:59:14,üòé https://t.co/jvMUzo4dR3,[],131
1263918993632628736,2020-05-22 19:45:45,RT @FrDesouche: Temps estival  √† Goteborg en Su√®de...https://t.co/Z6sUlvSuc1,[],275
1263917207161094145,2020-05-22 19:38:39,RT @FrDesouche: Caen garde des traces de Guillaume le Conqu√©ranthttps://t.co/I7Pt6E9ius,[],522
1263895925774340098,2020-05-22 18:14:05,@jylgallou Pourtant dans certains pays √ßa marche...,[],1
1263893314048311297,2020-05-22 18:03:42,@ArianeChemin @pierre_plottu @Valeurs Et sinon vous n‚Äôavez pas un peu de temps √† consacrer aux mosqu√©es qui se reve‚Ä¶ https://t.co/53ynAmyA6f,[],2
1263892986867470339,2020-05-22 18:02:24,"Si seulement @pierre_plottu @sychazot et @ParisPasRose voyaient ces images, je suis sur qu‚Äôils se mobiliseraient.",[],40
1263892983281319939,2020-05-22 18:02:23,"Qaradawi appelle √† battre les femmes, immoler les gays et explique que les juifs ont √©t√© remis √† leur place par Hit‚Ä¶ https://t.co/iGlyRxxZXh",[],1203
1263888295064416257,2020-05-22 17:43:46,@pierre_plottu Et sinon un imam qui fait la promotion de Qaradawi et chez qui 3 jihadistes sont pass√©s √ßa vous int√©resse pas ?,[],11
1263872588561948674,2020-05-22 16:41:21,"Ils ont toujours une bonne raison pour refuser de respecter les lois et les policiers, qui ne peuvent plus rien fai‚Ä¶ https://t.co/zl4kPzYJXB",[],386
1263849690061299722,2020-05-22 15:10:21,Nous aussi on devrait exiger des Italiens indemnisation et repentance pour la colonisation romaine. Malgr√© les voie‚Ä¶ https://t.co/DQwdq2z6mP,[],789
1263847829308608513,2020-05-22 15:02:58,RT @EleonoreBez: üî¥ A lire l‚Äôexcellent @journalPresent avec @DamienRieu üí™ https://t.co/MQuZ2Eizo9,[],98
1263765349520084992,2020-05-22 09:35:13,"RT @BVoltaire: Damien Rieu : ¬´ Les Fr√®res musulmans sont un danger pour nos valeurs de d√©mocratie, de libert√©, d'√©galit√© et de fraternit√© ¬ª‚Ä¶",[],350
1263748643808407552,2020-05-22 08:28:50,RT @Tancrede_Crptrs: .@PascalPraud r√©sume la r√©alit√© en quelques secondes :‚Ä¢ 2 fillettes renvers√©es par une racaille lors d'un rod√©o sauva‚Ä¶,[],1095
1263555511204614148,2020-05-21 19:41:24,@KarenAdhar Si tu ne mentionnes pas @MraizikaIlham √ßa ne sert √† rien ü§ì,[],0
1263536791098986499,2020-05-21 18:27:01,"Pour √©viter les drames comme pour #Sabri, on devrait mettre en place une sorte de code de la route et obliger les m‚Ä¶ https://t.co/A2BmMIxjXn","[{'text': 'Sabri', 'indices': [34, 40]}]",967
1263534271647625217,2020-05-21 18:17:00,RT @GoldnadelTv: Tandis que des #identitaires sont condamn√©s par la justice pour avoir manifest√© contre une mosqu√©e construite par les Fr√®r‚Ä¶,"[{'text': 'identitaires', 'indices': [32, 45]}]",797
1263465066436976641,2020-05-21 13:42:00,Donc 80% des musulmans ne se sentent pas Fran√ßais ? https://t.co/XdBhjgsRmz,[],606
1263456706123702273,2020-05-21 13:08:47,Les m√©dias n‚Äôen parlent pas mais regardez ce qui se passe tous les soirs dans les banlieues. Ce pauvre policier...‚Ä¶ https://t.co/bE8Tp4e04M,[],1155
1263451107851931649,2020-05-21 12:46:32,Ylva Johansson : ¬´ Permettre aux migrants d‚Äôentrer en Europe par des voies l√©gales sera un √©l√©ment central du nouve‚Ä¶ https://t.co/N3adfJHYKV,[],170
1263437104203399173,2020-05-21 11:50:53,"RT @Mehdi_Aifa_AJR: Surtout que @DamienRieu √† enti√®rement raison sur l‚ÄôImam El Adj Amor qui est loin d‚Äô√™tre un alli√© pour les LGBT, sauf √†‚Ä¶",[],159
1263435676160270336,2020-05-21 11:45:13,@Mehdi_Aifa_AJR @ClementBenech C‚Äôest quand m√™me dingue qu‚Äôon puisse √™tre financ√© et se revendiquer de Qaradawi en F‚Ä¶ https://t.co/2lOOmdwPYa,[],2
1263430198579658754,2020-05-21 11:23:27,RT @BVoltaire: Interview exclusive de @DamienRieu :¬†¬´¬†Combattre ceux qui soutiennent les djihadistes n‚Äôest pas une incitation √† la haine !‚Ä¶,[],248
1263424998825394176,2020-05-21 11:02:47,Et dire que la LFI et @JLMelenchon @ericcoquerel ont fait tout un sketch la desssus pour pouvoir taper sur du chr√©t‚Ä¶ https://t.co/sB6mgZ9Bwr,[],172
1263413166240915456,2020-05-21 10:15:46,Mon petit doigt me dit qu‚Äôils ne feront pas d‚Äô√©meutes. √âtrange hein ? #Argenteuil https://t.co/88N4nwvnif,"[{'text': 'Argenteuil', 'indices': [70, 81]}]",300
1263411311830056961,2020-05-21 10:08:24,Vous savez ce que c‚Äôest la diff√©rence entre vous et nous ?Vous vous solidarisez de vos d√©linquants m√™me quand ils‚Ä¶ https://t.co/DyifLQSPuh,[],313
1263393034001096704,2020-05-21 08:55:46,Deux malheureux policiers belges ont √©chapp√© de peu au lynchage aux cris d‚Äô¬†¬ªAllah Akbar¬†¬ª lors d‚Äôune interpellatio‚Ä¶ https://t.co/Z8RT70LOTj,[],2369
1263261696581386240,2020-05-21 00:13:53,@Piebleu @CamaradeCharles https://t.co/LXqHeFeVFk https://t.co/MDblriFT75,[],0
1263256412693635072,2020-05-20 23:52:53,@Simbadz1 @Sangokuu83 Lol,[],0
1263255036890681344,2020-05-20 23:47:25,"Je suis d√©sol√© pour les fautes et coquilles, je n‚Äôai pas eu le temps de corriger üò≠",[],17
1263252916305092611,2020-05-20 23:39:00,RT @FrDesouche: Farage assiste en col√®re √† l'arriv√©e de la Marine Fran√ßaise qui d√©pose des migrants dans les eaux britanniques.https://t.‚Ä¶,[],305
1263245413982908416,2020-05-20 23:09:11,Anecdote proc√®s : L‚Äôavocate du @ccif a expliqu√© que nous avions choisi #Poitiers car c‚Äô√©tait moins risqu√©. ¬´¬†En r√©g‚Ä¶ https://t.co/V2HuSPAugS,"[{'text': 'Poitiers', 'indices': [71, 80]}]",1112
1263226500381380609,2020-05-20 21:54:01,Bah enfin. https://t.co/GF640ySMZR,[],102
1263196677604872193,2020-05-20 19:55:31,"RT @GilbertCollard: Relaxe de @DamienRieu : pour l‚Äôavoir fr√©quent√© quand il √©tait mon collaborateur, je le savais bien incapable de haine.",[],723
1263196485438640129,2020-05-20 19:54:45,"RT @dobsky33: Boubaker El Hadj Amor, l'imam de la mosqu√©e de Poitiers qui a port√© plainte contre G√©n√©ration Identitaire:""nous voulons fai‚Ä¶",[],362
1263180124482142208,2020-05-20 18:49:45,"Je sors du proc√®s. L‚Äôincitation √† la haine est abandonn√©e, il ne reste que de ridicules accusations de ¬´¬†d√©gradatio‚Ä¶ https://t.co/TFwEFSh9oC",[],1286
1263155799284686849,2020-05-20 17:13:05,"Le proc√®s est termin√©. 6h de d√©bats pour parler de tapis humides, et de pics anti-pigeons... üò¥ il ne reste plus rie‚Ä¶ https://t.co/tFCw9Zm8dv",[],577
1263119671978532871,2020-05-20 14:49:32,Relaxe sur l‚Äôincitation √† la haine ! üòÄ‚úåüèªLe d√©bat porte d√©sormais sur des tapis d√©plac√©s et mouill√©s et des pics an‚Ä¶ https://t.co/OXTTu713qh,[],1225
1263092766164299776,2020-05-20 13:02:37,Voici l‚Äôallocution que je viens de prononcer devant la cour. L‚Äôimam El Adj Amor √©tait furieux... mais il ne portera‚Ä¶ https://t.co/ctLur2sYtl,[],2809
1263055611924828160,2020-05-20 10:34:58,@FallaitPasSuppr @tegnererik Tu caches ton identit√©... comment tu peux faire le beau ? üòÄ,[],2
1263027968974229504,2020-05-20 08:45:08,"RT @Causeur: Enqu√™te: ""Le lien est plus que probable entre l‚Äôimmigration et les mauvais r√©sultats des coll√®ges et lyc√©es du d√©partement. L‚Äô‚Ä¶",[],539
1262980591571648512,2020-05-20 05:36:52,Viols de masse : Le gouvernement britannique reconnait que les gangs ont √©t√© prot√©g√©s par le politiquement correct‚Ä¶ https://t.co/EyyBGqqVeh,[],1181
1262874212747837445,2020-05-19 22:34:10,"Quand @SpeakerPelosi traite @realDonaldTrump d‚Äôob√®se, les m√©dias fran√ßais oublient de s‚Äôindigner. √âtrange.",[],189
1262866814171783169,2020-05-19 22:04:46,"RT @MohamedLOUIZI: @LCP devait pr√©ciser que Nabil Ennasri est un fr√®re musulman, poulain de Tariq Ramadan. Il a obtenu une th√®se de blanchi‚Ä¶",[],235
1262861382581719040,2020-05-19 21:43:11,La paix avec ton sabre ? https://t.co/0ixJD4CRVL,[],60
1262859395056230400,2020-05-19 21:35:17,"@LCP @NabilEnnasri Une basilique, 3000 mosqu√©es.",[],13
1262852292090437634,2020-05-19 21:07:03,@gus_guillaume 13 spectateurs... et avec nos imp√¥ts je suppose ?,[],0
1262851761544536065,2020-05-19 21:04:57,"Ce soir encore, soyons tous derri√®re nos policiers qui affrontent les racailles √† #Argenteuil et partout ailleurs.‚Ä¶ https://t.co/V87rw7W5u5","[{'text': 'Argenteuil', 'indices': [82, 93]}]",130
1262843369736343552,2020-05-19 20:31:36,@ThibaultPoirie7 @Bouhafs_Backup Je n‚Äôai pas besoin de censurer mes adversaires pour leur donner tort.,[],4
1262842357839429633,2020-05-19 20:27:35,"RT @LCP: ""Leur tactique, c'est le double langage. Les fr√®res musulmans continuent √† penser √† comment arriver au pouvoir et instaurer le cal‚Ä¶",[],396
1262841992897232897,2020-05-19 20:26:08,"RT @LCP: ""Le #Qatar qui a beaucoup d'argent, l'ADN des fr√®res musulmans, s'est branch√© sur des r√©seaux existants dans toute l'Europe pour f‚Ä¶","[{'text': 'Qatar', 'indices': [13, 19]}]",119
1262840994053136388,2020-05-19 20:22:10,RT @Mehdi_Aifa_AJR: Tu ne fais pas le ramadan esp√®ce de   ¬´sous homme¬ª- arr√™te Amine laisse moi t‚Äôexpliquer mon fr√®re Je veux rien savoir‚Ä¶,[],330
1262839690476113920,2020-05-19 20:16:59,"@yannpaille @Bouhafs_Backup Le juge a eu 8 ans pour faire son opinion, j‚Äôesp√®re qu‚Äôil fait autre chose de sa soir√©e.",[],1
1262838876206436352,2020-05-19 20:13:45,"@MaDKratos @Bouhafs_Backup Je sais, mais ma conception de la libert√© d‚Äôexpression n‚Äôest justement pas √† g√©om√©trie variable.",[],0
1262838094174322688,2020-05-19 20:10:38,"Aucun compte Twitter ne m√©rite d‚Äô√™tre ferm√©. Vive la libert√© d‚Äôexpression, la mienne et celle de mes adversaires, y‚Ä¶ https://t.co/ma7M8qFlJN",[],277
1262815405850189824,2020-05-19 18:40:29,"RT @FrDesouche: Si c'est li√© aux √©meutes, il va falloir que la gauche racailleuse s'explique. Peut-elle soutenir les auteurs de pogroms ant‚Ä¶",[],135
1262815344256782336,2020-05-19 18:40:14,"RT @FrDesouche: En 24h , 3 meurtres dans des foyers d'urgence https://t.co/TjTExcg0v9",[],104
1262811586584084483,2020-05-19 18:25:18,@tegnererik Oui mais relou de payer un abo pour √ßa,[],0
1262801254167777281,2020-05-19 17:44:15,@DisPopuli @OneShark91 Si tu assumais tu serais pas sous un faux nom.,[],1
1262798038004903939,2020-05-19 17:31:28,@Leo_Lefrancois √âtudier les changements d‚Äôhabitudes alimentaires et l‚Äôexplosion des fast food halal ce n‚Äôest pas in‚Ä¶ https://t.co/rSX6Xe6hMD,[],0
1262793450694590464,2020-05-19 17:13:14,‚û°Ô∏è Pour participer aux frais d‚Äôavocats : https://t.co/DU7BZ6JXNN,[],50
1262793447934656513,2020-05-19 17:13:14,"üîµ Ce mercredi 20 mai, je serai jug√© en appel pour l‚Äôoccupation pacifique du toit du chantier de la grande mosqu√©e U‚Ä¶ https://t.co/dbdiYSaSN6",[],462
1262792026157912068,2020-05-19 17:07:35,L‚Äôimam de la grande mosqu√©e de #Poitiers avec lequel je suis en proc√®s demain est aussi directeur d‚Äôun institut (IE‚Ä¶ https://t.co/6ziXiuXBtp,"[{'text': 'Poitiers', 'indices': [31, 40]}]",1128
1262791206414757889,2020-05-19 17:04:19,"Pour √©viter les campagnes de signalement abusifs et les lois de censure, je me suis r√©solu √† supprimer tous mes anc‚Ä¶ https://t.co/Al77FhqCh9",[],123
1256255585965793280,2020-05-01 16:14:06,"RT @sidounours: @Portes_Thomas Les ""Z"" mdr https://t.co/WNS3rriUfs",[],74
1245988321203048449,2020-04-03 08:15:39,RT @sidounours: @benjerryfr On pourrait le financer en mettant 500% de TVA sur les glaces ben&amp;jerry's,[],133
1245985356429869057,2020-04-03 08:03:52,RT @sidounours: La photographe officielle de Macron m√©prise les √©lecteurs LREM üòå,[],16
1243702353355780096,2020-03-28 00:52:02,RT @sidounours: Certains ont m√™me un pays qui attend leur retour üòå,[],96
1242486521808158720,2020-03-24 16:20:45,RT @sidounours: Mai 2017 : √âlection de Macron3 ans plus tard :,[],101
1242386916743491584,2020-03-24 09:44:58,"RT @sidounours: Un homme ing√®re du produit pour nettoyer les aquariums appel√© ""chloroquine phosphate"". Le journal titre ""Un homme meurt e‚Ä¶",[],506
1236734114654552065,2020-03-08 19:22:44,"RT @NemesisNemesi18: La plaque comm√©morative, fracass√©e de nombreuses fois, et ne porte pas mention de la cause de sa mort. La mairie de Vi‚Ä¶",[],74
1229007499916914689,2020-02-16 11:39:56,RT @sidounours: https://t.co/369bveFoUO,[],535
1221919824613388290,2020-01-27 22:16:03,"RT @Saskia2019: @le_Parisien Un enfant est mort, c'est tragique.D√©passons ce cas individuel...Qui sont les irresponsables et j'ose, les p‚Ä¶",[],23
1220777151772942339,2020-01-24 18:35:28,"RT @sidounours: Si c'est vrai, ce n'est pas tr√®s grave. https://t.co/n1jRb7LSRs",[],136
1214087038963769345,2020-01-06 07:31:21,RT @fatimapvris: Si la France participe wlh je me taille au bled j‚Äôai pas que sa a faire me battre pour un pays qui a combattu contre l‚ÄôAlg‚Ä¶,[],1009
1214083275058302976,2020-01-06 07:16:24,RT @sidounours: @MarleneSchiappa @BrunoLeMaire Quelle ann√©e faut il attendre pour atteindre l'√©galit√© en mati√®re d'esp√©rance de vie ? https‚Ä¶,[],11
1211782086299967494,2019-12-30 22:52:17,RT @aicha1269: Ce mec a vol√© mon sac s‚Äôil vous pla√Æt aidez moi a le retrouvez üôèüèºüôèüèº https://t.co/coGfNFeL9f,[],5166
1211708433382199306,2019-12-30 17:59:37,RT @sidounours: C'est surtout parce qu'il y avait 800 √† 1200 personnes dont seulement 40 hommes dans le b√¢timent en feu (Wikipedia). https:‚Ä¶,[],45
1211678143645392898,2019-12-30 15:59:15,RT @sidounours: Mdr https://t.co/9Z9sgibaAM,[],51
1210120509997887495,2019-12-26 08:49:47,RT @sidounours: https://t.co/hnAeoShMnY,[],179
